,NAME,K,A,D,DIFF,ADR,KDR,KAST,S,T,FA,1VSX,MK,FK,RP,GAME_ID,GAME_DATE
0,mgl,17,3,16,+1,113.90,1.06,0.62,5,0,1,0,4,1,-11,15578886,04/04/2022 19:36
1,Guedes11,15,4,17,-2,101.90,0.88,0.52,3,2,0,0,4,4,-12,15578886,04/04/2022 19:36
2,Ceguinhu,17,0,16,+1,89.76,1.06,0.57,4,1,0,0,4,2,-12,15578886,04/04/2022 19:36
3,twitch.tv/markindoclutch,5,3,15,-10,41.76,0.33,0.57,5,4,1,0,0,0,-14,15578886,04/04/2022 19:36
4,dud0k4,6,4,19,-13,49.29,0.32,0.52,2,4,0,0,1,0,-15,15578886,04/04/2022 19:36
5,rebores,18,3,11,+7,91.90,1.64,0.81,9,1,0,2,5,3,+19,15578886,04/04/2022 19:36
6,urielton,19,6,10,+9,133.14,1.90,0.76,9,0,5,1,6,3,+15,15578886,04/04/2022 19:36
7,italia,19,1,13,+6,112.90,1.46,0.76,8,4,0,0,4,2,+15,15578886,04/04/2022 19:36
8,Anabele de Malhadas,19,4,13,+6,124.90,1.46,0.76,8,3,0,0,6,5,+14,15578886,04/04/2022 19:36
9,Puff,8,3,13,-5,47.33,0.62,0.81,8,5,1,0,0,1,+12,15578886,04/04/2022 19:36
10,GA GA GA,23,5,23,0,117.36,1.00,0.71,3,4,1,1,6,4,-8,15579719,04/04/2022 20:23
11,Masqetose,19,7,18,+1,100.86,1.06,0.71,7,3,2,1,4,0,-9,15579719,04/04/2022 20:23
12,ache,24,1,19,+5,91.39,1.26,0.64,9,1,0,0,6,1,-11,15579719,04/04/2022 20:23
13,Marlboro.-,16,3,22,-6,87.11,0.73,0.57,6,2,0,0,4,4,-18,15579719,04/04/2022 20:23
14,ABRAHAM,15,2,23,-8,65.93,0.65,0.54,5,2,0,0,4,1,-20,15579719,04/04/2022 20:23
15,Anabele de Malhadas,26,7,19,+7,116.25,1.37,0.82,7,7,2,1,8,5,+18,15579719,04/04/2022 20:23
16,Puff,19,5,18,+1,100.57,1.06,0.71,8,4,2,1,5,4,+17,15579719,04/04/2022 20:23
17,rebores,23,3,15,+8,86.86,1.53,0.71,12,1,0,0,5,1,+16,15579719,04/04/2022 20:23
18,italia,17,3,23,-6,81.39,0.74,0.79,5,8,0,0,4,2,+14,15579719,04/04/2022 20:23
19,urielton,20,3,22,-2,86.07,0.91,0.64,4,3,3,2,5,6,+13,15579719,04/04/2022 20:23
20,zic0nha,20,1,19,+1,94.17,1.05,0.71,4,3,0,1,5,2,-7,15580886,04/04/2022 21:23
21,CruuDiii,18,1,18,0,106.21,1.00,0.67,4,2,0,1,4,1,-10,15580886,04/04/2022 21:23
22,ox1#,11,2,22,-11,61.92,0.50,0.58,2,4,0,0,2,1,-13,15580886,04/04/2022 21:23
23,Farinh4,8,3,18,-10,52.75,0.44,0.58,2,6,1,0,2,1,-14,15580886,04/04/2022 21:23
24,m4lB£cc,10,2,21,-11,75.21,0.48,0.42,3,0,0,0,2,2,-16,15580886,04/04/2022 21:23
25,rebores,23,2,9,+14,96.67,2.56,0.88,13,0,0,1,7,1,+18,15580886,04/04/2022 21:23
26,Anabele de Malhadas,23,7,18,+5,128.75,1.28,0.83,5,5,0,1,6,4,+15,15580886,04/04/2022 21:23
27,italia,19,6,17,+2,101.96,1.12,0.79,7,5,0,0,4,6,+14,15580886,04/04/2022 21:23
28,urielton,23,5,14,+9,129.13,1.64,0.88,10,2,2,0,8,5,+12,15580886,04/04/2022 21:23
29,Puff,10,4,9,+1,61.00,1.11,0.83,15,2,4,0,3,1,+12,15580886,04/04/2022 21:23
30,Anabele de Malhadas,21,7,19,+2,99.79,1.11,0.79,9,4,2,1,4,3,-9,15646815,11/04/2022 19:50
31,urielton,25,3,18,+7,100.93,1.39,0.76,11,4,1,0,6,3,-10,15646815,11/04/2022 19:50
32,Puff,15,2,16,-1,68.48,0.94,0.76,9,5,0,0,4,2,-14,15646815,11/04/2022 19:50
33,rebores,14,1,23,-9,72.97,0.61,0.55,6,3,0,0,3,2,-17,15646815,11/04/2022 19:50
34,bemol,17,3,21,-4,69.38,0.81,0.66,7,2,0,0,2,3,-17,15646815,11/04/2022 19:50
35,Johnny Cash =D,30,1,17,+13,126.52,1.76,0.72,11,3,0,1,9,6,+23,15646815,11/04/2022 19:50
36,Bzt1,21,5,19,+2,91.69,1.11,0.76,10,2,1,0,5,3,+14,15646815,11/04/2022 19:50
37,Banco Imobiliário,18,2,20,-2,76.66,0.90,0.66,9,5,1,0,4,3,+14,15646815,11/04/2022 19:50
38,ban! fURTHER;,14,5,19,-5,81.10,0.74,0.62,10,2,1,0,2,2,+14,15646815,11/04/2022 19:50
39,-willzerA,14,2,17,-3,64.83,0.82,0.72,11,2,0,0,3,2,+13,15646815,11/04/2022 19:50
40,urielton,27,2,21,+6,111.78,1.29,0.7,6,2,2,1,8,7,-10,15648303,11/04/2022 21:09
41,rebores,12,7,20,-8,71.67,0.60,0.74,7,4,1,0,2,0,-12,15648303,11/04/2022 21:09
42,Anabele de Malhadas,15,5,24,-9,81.56,0.63,0.67,2,5,0,1,3,4,-14,15648303,11/04/2022 21:09
43,bemol,13,2,20,-7,57.93,0.65,0.63,6,2,0,0,1,2,-17,15648303,11/04/2022 21:09
44,Puff,11,2,20,-9,56.81,0.55,0.52,7,4,0,0,3,0,-21,15648303,11/04/2022 21:09
45,bHg_,35,3,12,+23,154.44,2.92,0.7,14,0,0,0,11,5,+23,15648303,11/04/2022 21:09
46,TravisscortT 1v5,16,5,16,0,78.85,1.00,0.74,10,4,4,0,4,0,+17,15648303,11/04/2022 21:09
47,ChickLittle,17,10,16,+1,89.41,1.06,0.85,10,2,0,0,3,2,+16,15648303,11/04/2022 21:09
48,1997,20,0,16,+4,82.63,1.25,0.7,10,2,0,0,6,5,+15,15648303,11/04/2022 21:09
49,NTC Larky,17,3,18,-1,89.44,0.94,0.74,9,5,0,0,4,2,+15,15648303,11/04/2022 21:09
50,mgs,32,4,22,+10,104.56,1.45,0.75,12,6,0,0,7,3,-9,15729917,19/04/2022 18:34
51,LKS,30,5,26,+4,111.25,1.15,0.64,9,2,0,0,9,8,-10,15729917,19/04/2022 18:34
52,Guh,26,3,25,+1,83.89,1.04,0.64,8,3,2,1,8,1,-14,15729917,19/04/2022 18:34
53,Tim,17,6,23,-6,69.50,0.74,0.67,13,3,2,0,4,2,-14,15729917,19/04/2022 18:34
54,Ryuuu-,16,10,26,-10,83.64,0.62,0.56,10,1,2,0,4,1,-19,15729917,19/04/2022 18:34
55,rebores,17,3,24,-7,69.81,0.71,0.94,17,4,0,1,4,4,+21,15729917,19/04/2022 18:34
56,bemol,32,4,19,+13,113.25,1.68,0.72,17,3,0,0,8,4,+17,15729917,19/04/2022 18:34
57,Anabele de Malhadas,26,9,25,+1,89.92,1.04,0.69,10,6,2,0,8,2,+14,15729917,19/04/2022 18:34
58,urielton,29,3,27,+2,95.69,1.07,0.72,9,6,2,0,7,11,+13,15729917,19/04/2022 18:34
59,Puff,18,6,26,-8,73.92,0.69,0.58,10,1,4,0,3,0,+12,15729917,19/04/2022 18:34
60,sl4sh,22,7,4,+18,158.00,5.50,1.0,11,3,0,1,6,4,+20,15730813,19/04/2022 19:45
61,? Tz1,17,6,6,+11,144.81,2.83,0.88,9,3,0,1,3,4,+16,15730813,19/04/2022 19:45
62,Arteus,17,2,6,+11,128.63,2.83,0.88,10,2,0,0,5,2,+12,15730813,19/04/2022 19:45
63,daluc,13,3,6,+7,93.75,2.17,0.88,10,2,0,0,3,2,+12,15730813,19/04/2022 19:45
64,WTF???,8,1,8,0,61.75,1.00,0.63,7,1,0,0,1,1,+7,15730813,19/04/2022 19:45
65,urielton,10,0,17,-7,77.44,0.59,1.0,10,3,0,0,2,2,-7,15730813,19/04/2022 19:45
66,bemol,7,1,18,-11,61.50,0.39,0.56,0,2,0,0,1,0,-11,15730813,19/04/2022 19:45
67,Anabele de Malhadas,8,2,16,-8,59.38,0.50,0.56,0,1,0,0,1,1,-12,15730813,19/04/2022 19:45
68,Puff,5,2,16,-11,59.56,0.31,0.38,0,1,0,0,1,0,-13,15730813,19/04/2022 19:45
69,rebores,0,0,7,-7,4.06,0.00,0.63,10,0,0,0,0,0,-13,15730813,19/04/2022 19:45
70,urielton,14,1,16,-2,87.17,0.88,0.61,1,2,0,1,4,4,-8,15731441,19/04/2022 20:24
71,rebores,8,1,17,-9,55.06,0.47,0.61,1,4,0,0,1,1,-10,15731441,19/04/2022 20:24
72,Anabele de Malhadas,10,0,18,-8,70.17,0.56,0.5,0,0,0,0,1,0,-13,15731441,19/04/2022 20:24
73,bemol,5,3,17,-12,57.50,0.29,0.56,1,3,0,0,0,2,-13,15731441,19/04/2022 20:24
74,Puff,4,2,18,-14,40.06,0.22,0.5,0,3,0,0,0,0,-16,15731441,19/04/2022 20:24
75,W1lbury,14,3,6,+8,90.39,2.33,0.94,11,2,0,1,4,1,+19,15731441,19/04/2022 20:24
76,s de sole,28,2,8,+20,184.89,3.50,0.83,9,1,0,0,9,5,+16,15731441,19/04/2022 20:24
77,Emulok,24,5,9,+15,170.17,2.67,0.83,9,2,2,0,7,3,+15,15731441,19/04/2022 20:24
78,Solee,13,3,9,+4,87.06,1.44,0.94,9,5,0,0,4,0,+12,15731441,19/04/2022 20:24
79,HitZ,7,3,9,-2,62.72,0.78,0.83,9,3,0,0,1,2,+10,15731441,19/04/2022 20:24
80,m4lB£cc,23,3,19,+4,111.56,1.21,0.8,5,3,0,1,6,3,-6,15732060,19/04/2022 20:58
81,zic0nha,18,3,20,-2,94.92,0.90,0.76,3,1,0,0,4,3,-10,15732060,19/04/2022 20:58
82,Farinh4,18,4,22,-4,107.56,0.82,0.64,3,1,0,0,4,3,-12,15732060,19/04/2022 20:58
83,ox1#,15,2,18,-3,78.36,0.83,0.52,6,2,0,0,5,2,-26,15732060,19/04/2022 20:58
84,.Fnl-,12,6,22,-10,71.76,0.55,0.68,2,4,0,1,2,1,-28,15732060,19/04/2022 20:58
85,rebores,21,6,16,+5,111.64,1.31,0.84,8,3,1,1,4,5,+17,15732060,19/04/2022 20:58
86,Puff,17,4,20,-3,89.20,0.85,0.84,4,8,1,1,4,1,+14,15732060,19/04/2022 20:58
87,Anabele de Malhadas,23,5,16,+7,114.80,1.44,0.8,8,5,1,1,7,4,+14,15732060,19/04/2022 20:58
88,urielton,24,2,19,+5,116.84,1.26,0.68,6,6,1,0,7,1,+13,15732060,19/04/2022 20:58
89,bemol,16,3,15,+1,78.48,1.07,0.8,10,4,0,0,3,2,+11,15732060,19/04/2022 20:58
90,urielton,35,1,21,+14,128.20,1.67,0.67,7,3,1,2,9,6,-7,15733088,19/04/2022 21:52
91,Anabele de Malhadas,19,5,23,-4,99.17,0.83,0.67,6,4,0,2,4,4,-10,15733088,19/04/2022 21:52
92,rebores,19,4,22,-3,88.77,0.86,0.53,8,2,0,1,5,2,-12,15733088,19/04/2022 21:52
93,bemol,14,0,24,-10,77.93,0.58,0.63,5,5,0,1,2,1,-15,15733088,19/04/2022 21:52
94,Puff,8,4,22,-14,49.40,0.36,0.53,8,4,2,0,2,2,-17,15733088,19/04/2022 21:52
95,mBs ^,38,1,12,+26,133.90,3.17,0.83,13,2,1,1,10,3,+23,15733088,19/04/2022 21:52
96,DUNI ;,19,6,20,-1,88.70,0.95,0.73,10,3,4,0,2,3,+14,15733088,19/04/2022 21:52
97,Bioni,18,4,20,-2,88.93,0.90,0.63,10,4,2,0,3,2,+12,15733088,19/04/2022 21:52
98,cepS,20,7,20,0,105.23,1.00,0.7,10,4,0,0,6,3,+12,15733088,19/04/2022 21:52
99,SyKe,17,6,23,-6,84.10,0.74,0.6,7,4,0,0,4,4,+12,15733088,19/04/2022 21:52
100,jason1n,20,4,16,+4,91.15,1.25,0.78,8,4,4,3,3,1,+18,15751280,21/04/2022 17:07
101,Leo,19,5,24,-5,99.37,0.79,0.7,3,4,1,0,5,5,+13,15751280,21/04/2022 17:07
102,Cpt*,19,1,18,+1,81.44,1.06,0.74,9,3,0,0,5,4,+13,15751280,21/04/2022 17:07
103,doug,16,4,14,+2,78.37,1.14,0.81,11,3,1,0,4,3,+13,15751280,21/04/2022 17:07
104,NAUL~,24,2,18,+6,126.22,1.33,0.7,9,3,3,0,7,5,+12,15751280,21/04/2022 17:07
105,urielton,26,3,16,+10,103.37,1.63,0.74,10,3,3,1,9,2,-7,15751280,21/04/2022 17:07
106,bemol,19,3,20,-1,90.70,0.95,0.67,6,4,0,1,4,2,-10,15751280,21/04/2022 17:07
107,rebores,17,3,20,-3,71.41,0.85,0.67,7,2,0,0,3,1,-12,15751280,21/04/2022 17:07
108,Donizete,15,2,21,-6,83.70,0.71,0.63,6,6,1,0,4,3,-13,15751280,21/04/2022 17:07
109,Anabele de Malhadas,13,3,21,-8,65.89,0.62,0.7,6,7,0,0,4,1,-16,15751280,21/04/2022 17:07
110,Anabele de Malhadas,16,2,21,-5,102.76,0.76,0.56,3,2,0,0,3,3,-11,15752075,21/04/2022 18:04
111,bemol,16,2,20,-4,80.16,0.80,0.56,4,2,0,1,4,2,-11,15752075,21/04/2022 18:04
112,urielton,16,5,22,-6,92.68,0.73,0.64,3,2,0,0,3,3,-12,15752075,21/04/2022 18:04
113,Donizete,6,2,19,-13,43.16,0.32,0.6,5,7,2,1,1,1,-15,15752075,21/04/2022 18:04
114,rebores,13,1,20,-7,65.04,0.65,0.52,5,2,0,0,4,1,-16,15752075,21/04/2022 18:04
115,IKillYourself,28,1,13,+15,137.42,2.15,1.0,16,2,0,1,7,5,+21,15752075,21/04/2022 18:04
116,VortexS,21,2,11,+10,97.36,1.91,0.84,14,0,1,0,4,2,+15,15752075,21/04/2022 18:04
117,M0RT3$,19,4,15,+4,98.96,1.27,0.8,10,5,3,0,6,1,+15,15752075,21/04/2022 18:04
118,Goldao,22,6,16,+6,109.32,1.38,0.72,9,6,0,0,8,6,+15,15752075,21/04/2022 18:04
119,vTo,12,4,13,-1,64.72,0.92,0.68,13,1,2,1,3,1,+11,15752075,21/04/2022 18:04
120,urielton,23,4,21,+2,113.57,1.10,0.64,6,4,2,1,8,1,-10,15792684,25/04/2022 19:07
121,Puff,20,2,19,+1,79.71,1.05,0.64,9,4,1,0,5,4,-11,15792684,25/04/2022 19:07
122,Donizete,22,2,21,+1,95.04,1.05,0.64,6,5,2,0,7,3,-11,15792684,25/04/2022 19:07
123,rebores,7,5,21,-14,56.89,0.33,0.64,7,4,1,0,0,2,-15,15792684,25/04/2022 19:07
124,Anabele de Malhadas,18,4,20,-2,88.61,0.90,0.61,7,2,1,1,4,1,-17,15792684,25/04/2022 19:07
125,tupa,29,5,18,+11,130.29,1.61,0.82,10,4,0,0,7,5,+18,15792684,25/04/2022 19:07
126,TMS | SUNGATOXADA,16,3,16,0,75.04,1.00,0.71,12,5,1,1,3,7,+16,15792684,25/04/2022 19:07
127,- H e l o x,22,2,16,+6,99.31,1.38,0.96,17,3,0,0,7,1,+15,15792684,25/04/2022 19:07
128,sunguinhA,17,7,19,-2,95.14,0.89,0.68,10,0,0,1,4,3,+14,15792684,25/04/2022 19:07
129,GuuForte,18,2,20,-2,82.89,0.90,0.68,8,2,1,0,5,1,+12,15792684,25/04/2022 19:07
130,urielton,29,3,8,+21,171.42,3.63,0.79,9,1,0,2,11,3,+16,15793463,25/04/2022 20:00
131,Puff,16,5,7,+9,105.89,2.29,0.89,11,1,1,1,3,0,+16,15793463,25/04/2022 20:00
132,rebores,12,5,10,+2,69.26,1.20,0.79,9,1,0,0,2,3,+12,15793463,25/04/2022 20:00
133,Donizete,14,1,12,+2,86.47,1.17,0.68,7,3,1,0,5,4,+12,15793463,25/04/2022 20:00
134,Anabele de Malhadas,13,6,11,+2,89.63,1.18,0.89,8,3,3,0,2,0,+12,15793463,25/04/2022 20:00
135,tomqwea-,15,2,17,-2,114.53,0.88,0.58,1,4,0,1,3,3,-6,15793463,25/04/2022 20:00
136,sup,11,0,15,-4,89.16,0.73,0.63,2,1,0,0,1,1,-9,15793463,25/04/2022 20:00
137,DAN,9,2,18,-9,70.58,0.50,0.58,1,2,0,0,2,3,-11,15793463,25/04/2022 20:00
138,l uk4s,6,1,17,-11,43.47,0.35,0.53,2,3,0,0,1,0,-16,15793463,25/04/2022 20:00
139,sohigh,7,0,17,-10,59.79,0.41,0.32,2,0,1,0,1,2,-16,15793463,25/04/2022 20:00
140,K@B@L,18,8,15,+3,106.52,1.20,0.84,10,6,1,0,6,3,+18,15794550,25/04/2022 21:04
141,rebores,21,3,10,+11,95.84,2.10,0.92,15,2,0,0,5,2,+18,15794550,25/04/2022 21:04
142,Anabele de Malhadas,25,4,16,+9,128.04,1.56,0.84,9,4,0,0,8,3,+15,15794550,25/04/2022 21:04
143,urielton,22,1,16,+6,109.44,1.38,0.76,9,2,0,0,5,5,+11,15794550,25/04/2022 21:04
144,Puff,10,2,14,-4,49.48,0.71,0.68,10,3,0,0,0,1,+10,15794550,25/04/2022 21:04
145,The Little Kevin,25,5,21,+4,128.84,1.19,0.76,4,2,0,0,7,4,-10,15794550,25/04/2022 21:04
146,Diadema,15,6,15,0,88.64,1.00,0.84,9,1,0,1,3,0,-11,15794550,25/04/2022 21:04
147,Alemão,15,3,22,-7,92.52,0.68,0.6,3,3,1,0,4,4,-12,15794550,25/04/2022 21:04
148,PesT,9,3,18,-9,56.60,0.50,0.6,7,4,0,0,1,2,-13,15794550,25/04/2022 21:04
149,SlingshoOt,7,0,20,-13,46.44,0.35,0.56,5,4,1,0,0,1,-19,15794550,25/04/2022 21:04
150,sensitive,32,8,22,+10,128.34,1.45,0.8,12,3,0,0,7,5,-8,15820209,28/04/2022 19:42
151,SOL1TY,25,6,27,-2,93.26,0.93,0.83,7,9,1,1,8,2,-8,15820209,28/04/2022 19:42
152,TnXr,22,4,21,+1,86.14,1.05,0.6,8,3,0,4,4,3,-11,15820209,28/04/2022 19:42
153,naite,22,4,27,-5,74.23,0.81,0.69,7,6,0,0,4,1,-13,15820209,28/04/2022 19:42
154,h e l l b o y,18,3,29,-11,70.69,0.62,0.57,6,5,0,0,4,2,-20,15820209,28/04/2022 19:42
155,Donizete,29,2,22,+7,112.51,1.32,0.83,12,4,2,2,7,8,+20,15820209,28/04/2022 19:42
156,italia,26,6,28,-2,107.86,0.93,0.74,7,6,0,0,5,3,+14,15820209,28/04/2022 19:42
157,urielton,30,3,21,+9,98.60,1.43,0.69,12,4,4,2,8,4,+13,15820209,28/04/2022 19:42
158,Anabele de Malhadas,32,3,26,+6,117.43,1.23,0.71,8,3,1,0,8,6,+13,15820209,28/04/2022 19:42
159,Puff,9,5,22,-13,48.46,0.41,0.6,13,4,5,0,1,1,+10,15820209,28/04/2022 19:42
160,SAI DA FRENTE E O TREM,21,2,17,+4,109.04,1.24,0.7,5,3,1,0,7,5,-8,14571474,05/01/2022 19:01
161,Gustavo Kalashinikov,20,3,18,+2,99.83,1.11,0.78,5,4,2,0,6,1,-8,14571474,05/01/2022 19:01
162,Vito August,13,5,20,-7,88.52,0.65,0.7,3,3,1,0,3,2,-11,14571474,05/01/2022 19:01
163,gaBrieL,7,3,17,-10,55.87,0.41,0.61,5,1,0,0,1,0,-16,14571474,05/01/2022 19:01
164,vizinhopowe,7,3,18,-11,55.57,0.39,0.57,5,3,0,0,1,2,-18,14571474,05/01/2022 19:01
165,bemol,21,5,13,+8,136.87,1.62,0.78,10,5,3,0,6,2,+16,14571474,05/01/2022 19:01
166,Anabele de Malhadas,23,7,16,+7,136.78,1.44,0.78,7,5,1,0,5,3,+15,14571474,05/01/2022 19:01
167,rebores,13,0,12,+1,66.61,1.08,0.74,10,3,0,1,2,1,+14,14571474,05/01/2022 19:01
168,Puff,18,3,13,+5,94.35,1.38,0.74,10,3,0,0,7,2,+14,14571474,05/01/2022 19:01
169,urielton,15,3,14,+1,75.52,1.07,0.7,8,3,0,1,5,5,+12,14571474,05/01/2022 19:01
170,bemol,34,4,21,+13,106.20,1.62,0.78,17,1,1,0,9,3,-8,14571923,05/01/2022 21:15
171,Anabele de Malhadas,29,5,28,+1,96.25,1.04,0.7,12,8,5,0,7,6,-12,14571923,05/01/2022 21:15
172,urielton,32,3,32,0,97.80,1.00,0.73,8,9,3,0,8,8,-13,14571923,05/01/2022 21:15
173,Puff,22,3,23,-1,69.03,0.96,0.7,16,6,2,0,5,1,-15,14571923,05/01/2022 21:15
174,rebores,11,4,25,-14,47.80,0.44,0.63,15,4,3,0,2,1,-17,14571923,05/01/2022 21:15
175,DJ Allvez,35,4,20,+15,105.03,1.75,0.8,16,1,0,2,9,8,+17,14571923,05/01/2022 21:15
176,Kalashnikov,26,5,29,-3,81.83,0.90,0.68,9,7,0,1,4,2,+16,14571923,05/01/2022 21:15
177,NTT7,26,6,25,+1,90.15,1.04,0.63,13,4,0,2,8,2,+16,14571923,05/01/2022 21:15
178,vsG,20,6,22,-2,69.95,0.91,0.8,16,4,1,0,5,3,+15,14571923,05/01/2022 21:15
179,GominOfDsd,22,4,32,-10,71.68,0.69,0.63,8,4,0,0,3,6,+13,14571923,05/01/2022 21:15
180,gaBrieL,13,2,19,-6,76.41,0.68,0.55,3,3,0,1,3,0,-6,14579558,06/01/2022 18:11
181,Seu Tio de Viola,22,4,20,+2,140.09,1.10,0.68,2,2,0,0,6,6,-7,14579558,06/01/2022 18:11
182,empada_da_avó,17,1,18,-1,91.00,0.94,0.68,4,1,1,0,5,1,-11,14579558,06/01/2022 18:11
183,esser eu te amo,13,3,18,-5,80.05,0.72,0.59,4,3,0,0,2,2,-15,14579558,06/01/2022 18:11
184,escuta minha música então,9,3,17,-8,65.05,0.53,0.59,5,3,0,0,2,1,-17,14579558,06/01/2022 18:11
185,Anabele de Malhadas,27,2,15,+12,141.77,1.80,0.77,6,4,0,1,9,2,+23,14579558,06/01/2022 18:11
186,Aoshi,18,4,15,+3,109.77,1.20,0.64,4,5,0,2,5,3,+16,14579558,06/01/2022 18:11
187,urielton,17,4,16,+1,113.82,1.06,0.77,5,5,1,1,4,2,+15,14579558,06/01/2022 18:11
188,Puff,18,0,16,+2,103.32,1.13,0.59,6,1,0,0,4,5,+14,14579558,06/01/2022 18:11
189,bemol,12,1,12,0,65.27,1.00,0.68,8,2,1,1,3,0,+14,14579558,06/01/2022 18:11
190,K@B@L,23,5,12,+11,112.08,1.92,0.73,14,1,2,0,6,4,+16,14612008,09/01/2022 16:20
191,Anabele de Malhadas,24,3,14,+10,105.31,1.71,0.81,12,3,1,0,5,2,+14,14612008,09/01/2022 16:20
192,rebores,10,1,13,-3,43.85,0.77,0.65,12,1,0,1,3,1,+14,14612008,09/01/2022 16:20
193,bemol,16,5,18,-2,77.23,0.89,0.81,8,6,0,0,2,6,+13,14612008,09/01/2022 16:20
194,urielton,24,7,18,+6,123.92,1.33,0.81,8,9,0,0,7,3,+12,14612008,09/01/2022 16:20
195,FRICKE,22,2,18,+4,115.04,1.22,0.77,7,1,1,1,4,1,-6,14612008,09/01/2022 16:20
196,lopezz,19,3,21,-2,103.62,0.90,0.58,5,2,0,0,4,4,-10,14612008,09/01/2022 16:20
197,dantaz,12,1,22,-10,70.77,0.55,0.58,4,3,0,0,3,2,-12,14612008,09/01/2022 16:20
198,Nature@Roots F3lopezz,14,0,18,-4,66.19,0.78,0.5,8,2,3,0,4,3,-14,14612008,09/01/2022 16:20
199,yk+,8,2,18,-10,36.88,0.44,0.54,8,2,0,0,1,0,-17,14612008,09/01/2022 16:20
200,Nenen Gyn,34,2,21,+13,128.60,1.62,0.73,7,3,0,1,9,4,-7,14614861,09/01/2022 19:24
201,leo2140,15,3,21,-6,70.07,0.71,0.67,6,4,0,1,3,1,-9,14614861,09/01/2022 19:24
202,Theuz1n,22,5,21,+1,111.53,1.05,0.63,6,3,0,1,6,2,-9,14614861,09/01/2022 19:24
203,F1T1C,11,8,22,-11,62.00,0.50,0.57,6,4,1,0,3,1,-14,14614861,09/01/2022 19:24
204,AquiNãoTemCoragem,15,2,23,-8,60.70,0.65,0.53,7,1,0,0,3,1,-15,14614861,09/01/2022 19:24
205,bemol,28,2,15,+13,110.87,1.87,0.77,12,3,1,1,5,5,+17,14614861,09/01/2022 19:24
206,K@B@L,19,7,20,-1,83.33,0.95,0.83,8,6,0,1,4,0,+14,14614861,09/01/2022 19:24
207,Anabele de Malhadas,24,6,21,+3,114.53,1.14,0.83,8,2,1,0,5,6,+13,14614861,09/01/2022 19:24
208,urielton,21,3,19,+2,81.27,1.11,0.87,11,6,1,0,5,7,+11,14614861,09/01/2022 19:24
209,rebores,16,2,22,-6,65.13,0.73,0.6,7,6,0,0,5,1,+10,14614861,09/01/2022 19:24
210,urielton,32,2,19,+13,120.97,1.68,0.77,9,2,3,2,10,7,-8,14615857,09/01/2022 20:31
211,bemol,21,5,24,-3,100.30,0.88,0.73,5,4,0,1,4,5,-10,14615857,09/01/2022 20:31
212,K@B@L,17,2,21,-4,75.40,0.81,0.73,6,6,3,1,4,1,-12,14615857,09/01/2022 20:31
213,Anabele de Malhadas,18,4,23,-5,87.73,0.78,0.67,7,7,2,0,5,3,-15,14615857,09/01/2022 20:31
214,rebores,14,1,23,-9,67.93,0.61,0.57,6,4,0,1,2,0,-17,14615857,09/01/2022 20:31
215,RUBEX,23,6,20,+3,104.07,1.15,0.77,8,5,1,1,7,3,+18,14615857,09/01/2022 20:31
216,HAKAI.Poderoso?,22,5,19,+3,96.33,1.16,0.77,9,1,0,2,5,3,+16,14615857,09/01/2022 20:31
217,twitch.tv/fulanorx,29,7,23,+6,121.33,1.26,0.73,7,4,0,0,6,5,+15,14615857,09/01/2022 20:31
218,HAKAI.Ric?y,25,3,19,+6,105.77,1.32,0.7,10,1,0,1,6,1,+14,14615857,09/01/2022 20:31
219,HAKAI.nVAC,11,3,22,-11,52.37,0.50,0.63,8,3,0,0,0,1,+10,14615857,09/01/2022 20:31
220,urielton,31,3,18,+13,140.89,1.72,0.75,8,3,1,2,10,4,+18,14624649,10/01/2022 19:06
221,Anabele de Malhadas,22,4,21,+1,110.93,1.05,0.75,5,5,2,1,4,5,+18,14624649,10/01/2022 19:06
222,Puff,16,2,17,-1,70.82,0.94,0.71,10,6,1,1,3,2,+16,14624649,10/01/2022 19:06
223,rebores,12,0,16,-4,56.39,0.75,0.71,11,4,1,1,1,2,+15,14624649,10/01/2022 19:06
224,bemol,17,1,17,0,82.36,1.00,0.64,10,4,0,0,4,1,+13,14624649,10/01/2022 19:06
225,Seeker,22,7,21,+1,103.57,1.05,0.82,7,5,0,0,5,4,-9,14624649,10/01/2022 19:06
226,jpic0,21,4,17,+4,96.89,1.24,0.68,8,4,0,0,5,4,-11,14624649,10/01/2022 19:06
227,SinRii,21,0,17,+4,84.46,1.24,0.61,9,1,0,1,5,4,-11,14624649,10/01/2022 19:06
228,El Joven Doctor,16,6,20,-4,83.54,0.80,0.61,7,3,0,0,5,1,-17,14624649,10/01/2022 19:06
229,Poxi,9,2,23,-14,50.21,0.39,0.46,5,3,0,0,1,1,-19,14624649,10/01/2022 19:06
230,urielton,29,3,18,+11,121.07,1.61,0.8,11,3,4,2,7,6,+16,14625430,10/01/2022 19:58
231,rebores,21,4,22,-1,100.37,0.95,0.77,6,8,1,0,6,2,+15,14625430,10/01/2022 19:58
232,bemol,23,4,19,+4,94.13,1.21,0.77,9,6,3,1,7,4,+15,14625430,10/01/2022 19:58
233,Puff,14,5,18,-4,68.37,0.78,0.8,12,7,1,0,2,3,+13,14625430,10/01/2022 19:58
234,Anabele de Malhadas,21,0,16,+5,84.07,1.31,0.73,12,3,3,0,6,5,+12,14625430,10/01/2022 19:58
235,VnT,29,2,16,+13,115.07,1.81,0.8,11,3,0,1,6,2,-7,14625430,10/01/2022 19:58
236,LoUbAcK,25,6,24,+1,110.17,1.04,0.77,5,4,1,0,7,5,-10,14625430,10/01/2022 19:58
237,ToNy,15,5,22,-7,69.47,0.68,0.6,8,2,0,0,4,0,-13,14625430,10/01/2022 19:58
238,Faldao is back,13,2,23,-10,60.97,0.57,0.6,6,6,0,1,2,2,-14,14625430,10/01/2022 19:58
239,Lusga,11,4,23,-12,61.63,0.48,0.53,5,5,3,0,2,1,-16,14625430,10/01/2022 19:58
240,bemol,24,4,13,+11,137.67,1.85,0.95,7,6,1,1,6,3,+18,14626605,10/01/2022 21:03
241,Anabele de Malhadas,19,7,12,+7,111.57,1.58,0.86,9,3,0,0,7,3,+14,14626605,10/01/2022 21:03
242,urielton,23,2,12,+11,121.90,1.92,0.71,6,1,4,3,7,2,+14,14626605,10/01/2022 21:03
243,rebores,13,3,13,0,93.76,1.00,0.76,8,5,0,0,2,3,+13,14626605,10/01/2022 21:03
244,Puff,9,1,15,-6,55.71,0.60,0.62,6,3,1,0,2,2,+9,14626605,10/01/2022 21:03
245,jubazin,16,2,17,-1,99.29,0.94,0.71,3,1,0,0,4,2,-6,14626605,10/01/2022 21:03
246,ard1,14,3,17,-3,98.86,0.82,0.62,3,0,0,0,3,3,-10,14626605,10/01/2022 21:03
247,NicoGG,15,2,19,-4,90.43,0.79,0.57,2,4,0,0,4,1,-12,14626605,10/01/2022 21:03
248,Snt,10,2,18,-8,65.33,0.56,0.62,3,3,0,0,2,1,-15,14626605,10/01/2022 21:03
249,El Dinho del Cs,10,0,17,-7,62.48,0.59,0.43,3,0,0,0,2,1,-16,14626605,10/01/2022 21:03
250,bemol,18,3,20,-2,89.37,0.90,0.67,6,3,0,1,6,2,-9,14644901,12/01/2022 19:10
251,rebores,18,1,18,0,83.07,1.00,0.67,9,2,0,0,4,2,-9,14644901,12/01/2022 19:10
252,Anabele de Malhadas,15,6,23,-8,89.26,0.65,0.63,3,4,1,0,3,1,-14,14644901,12/01/2022 19:10
253,Puff,10,4,19,-9,49.85,0.53,0.63,6,5,4,2,1,2,-15,14644901,12/01/2022 19:10
254,urielton,17,2,19,-2,81.69,0.89,0.62,6,5,1,0,5,5,-18,14644901,12/01/2022 19:10
255,parreira,23,6,15,+8,114.11,1.53,0.78,10,5,0,2,8,5,+21,14644901,12/01/2022 19:10
256,"Taz , O Sacoleiro",27,2,11,+16,112.85,2.45,0.85,14,2,6,0,9,2,+18,14644901,12/01/2022 19:10
257,KiLBO,16,3,18,-2,78.74,0.89,0.7,8,4,0,0,5,4,+14,14644901,12/01/2022 19:10
258,ENN,18,6,18,0,86.63,1.00,0.78,8,4,0,0,4,1,+13,14644901,12/01/2022 19:10
259,Detona Ralph,15,3,16,-1,69.22,0.94,0.63,10,1,0,0,3,2,+11,14644901,12/01/2022 19:10
260,urielton,17,2,17,0,121.94,1.00,0.83,1,2,0,0,5,1,-9,14645796,12/01/2022 20:10
261,Anabele de Malhadas,10,2,18,-8,88.00,0.56,0.67,0,2,1,0,1,1,-11,14645796,12/01/2022 20:10
262,bemol,7,2,15,-8,66.50,0.47,0.61,2,4,1,0,1,2,-14,14645796,12/01/2022 20:10
263,rebores,7,2,16,-9,47.28,0.44,0.56,1,4,0,0,0,0,-16,14645796,12/01/2022 20:10
264,Puff,5,1,16,-11,45.67,0.31,0.5,2,5,1,0,0,0,-20,14645796,12/01/2022 20:10
265,borrachA,19,2,13,+6,132.22,1.46,0.83,3,2,0,1,5,7,+19,14645796,12/01/2022 20:10
266,PITBULL LAVAJATO,15,1,6,+9,72.89,2.50,0.83,11,2,0,1,4,0,+17,14645796,12/01/2022 20:10
267,RezSLOx,16,5,9,+7,143.67,1.78,0.83,9,2,0,0,6,2,+16,14645796,12/01/2022 20:10
268,jogo de merda,18,6,10,+8,134.00,1.80,0.78,7,1,0,0,4,4,+15,14645796,12/01/2022 20:10
269,POKAS...,14,4,8,+6,89.50,1.75,0.94,9,1,0,0,2,1,+14,14645796,12/01/2022 20:10
270,cabaré,18,3,17,+1,83.96,1.06,0.64,7,2,1,0,4,2,-8,14646639,12/01/2022 20:59
271,"é o nake, tá ?",19,7,18,+1,100.12,1.06,0.72,6,3,0,1,5,0,-8,14646639,12/01/2022 20:59
272,Lks,12,2,23,-11,70.12,0.52,0.6,2,5,0,0,2,2,-12,14646639,12/01/2022 20:59
273,Leralves,9,2,20,-11,52.08,0.45,0.56,5,4,1,0,2,0,-16,14646639,12/01/2022 20:59
274,b3lla,10,1,21,-11,44.88,0.48,0.48,4,2,0,0,2,2,-17,14646639,12/01/2022 20:59
275,rebores,15,1,14,+1,79.92,1.07,0.76,9,4,2,1,3,3,+18,14646639,12/01/2022 20:59
276,Anabele de Malhadas,26,1,15,+11,123.64,1.73,0.84,9,4,2,0,6,7,+15,14646639,12/01/2022 20:59
277,urielton,31,1,12,+19,134.28,2.58,0.96,12,3,0,0,11,5,+14,14646639,12/01/2022 20:59
278,bemol,18,3,14,+4,99.32,1.29,0.8,11,5,1,0,5,2,+13,14646639,12/01/2022 20:59
279,Puff,9,8,13,-4,66.00,0.69,0.84,12,8,1,0,1,2,+13,14646639,12/01/2022 20:59
280,Anabele de Malhadas,13,0,17,-4,72.15,0.76,0.65,2,3,0,0,3,2,-9,14738462,20/01/2022 19:12
281,rebores,12,3,16,-4,85.30,0.75,0.55,4,0,0,0,1,1,-11,14738462,20/01/2022 19:12
282,Puff,7,3,16,-9,68.70,0.44,0.6,4,3,1,0,1,0,-14,14738462,20/01/2022 19:12
283,bemol,8,3,17,-9,67.50,0.47,0.5,2,3,0,0,0,0,-18,14738462,20/01/2022 19:12
284,urielton,7,4,17,-10,66.90,0.41,0.5,3,4,3,0,1,2,-22,14738462,20/01/2022 19:12
285,PK.,13,1,6,+7,83.80,2.17,0.9,13,2,0,1,2,2,+20,14738462,20/01/2022 19:12
286,zerotwo,23,4,11,+12,147.15,2.09,0.9,9,5,0,0,7,5,+19,14738462,20/01/2022 19:12
287,Matheus15225,22,2,8,+14,124.00,2.75,0.8,12,1,0,0,7,2,+18,14738462,20/01/2022 19:12
288,EXECGOD,15,3,12,+3,116.80,1.25,0.8,8,2,1,0,2,2,+15,14738462,20/01/2022 19:12
289,Peudelino,10,3,11,-1,64.45,0.91,0.7,9,4,1,0,2,3,+13,14738462,20/01/2022 19:12
290,Anabele de Malhadas,29,6,17,+12,126.04,1.71,0.82,10,4,0,0,7,5,+17,14739091,20/01/2022 19:52
291,bemol,20,3,20,0,87.07,1.00,0.75,5,5,2,1,4,2,+15,14739091,20/01/2022 19:52
292,urielton,23,6,19,+4,114.86,1.21,0.86,7,3,2,1,4,4,+15,14739091,20/01/2022 19:52
293,Puff,15,3,17,-2,67.32,0.88,0.68,11,2,3,0,2,5,+13,14739091,20/01/2022 19:52
294,rebores,15,3,18,-3,82.57,0.83,0.64,10,2,1,0,4,2,+12,14739091,20/01/2022 19:52
295,House,29,1,18,+11,120.54,1.61,0.71,7,3,0,2,7,1,-7,14739091,20/01/2022 19:52
296,JBL,24,2,18,+6,101.32,1.33,0.68,8,2,1,1,6,2,-11,14739091,20/01/2022 19:52
297,1986,15,6,21,-6,77.21,0.71,0.64,5,2,0,0,3,3,-12,14739091,20/01/2022 19:52
298,Bh°Retake♥,14,5,25,-11,72.00,0.56,0.57,3,4,0,0,4,4,-16,14739091,20/01/2022 19:52
299,ScOz1,9,4,20,-11,45.75,0.45,0.68,6,4,1,0,1,0,-17,14739091,20/01/2022 19:52
300,bemol,23,8,20,+3,109.97,1.15,0.76,7,7,0,1,7,4,+15,14740171,20/01/2022 20:53
301,Anabele de Malhadas,32,5,20,+12,125.28,1.60,0.86,8,2,0,0,9,7,+14,14740171,20/01/2022 20:53
302,Puff,11,6,21,-10,57.59,0.52,0.72,8,6,0,1,1,0,+12,14740171,20/01/2022 20:53
303,urielton,30,2,20,+10,124.97,1.50,0.72,8,2,1,0,10,4,+12,14740171,20/01/2022 20:53
304,rebores,17,4,17,0,80.69,1.00,0.69,11,3,0,0,2,3,+12,14740171,20/01/2022 20:53
305,Jackrife,21,3,23,-2,91.34,0.91,0.79,4,5,0,2,4,4,-8,14740171,20/01/2022 20:53
306,LUFFY CRIA DA ENGUIÇA,30,2,21,+9,135.90,1.43,0.72,7,1,0,1,9,2,-8,14740171,20/01/2022 20:53
307,C1el ♥,22,7,19,+3,88.45,1.16,0.59,7,0,0,2,6,1,-11,14740171,20/01/2022 20:53
308,Jan1zello,12,5,24,-12,68.69,0.50,0.66,3,6,2,0,2,1,-14,14740171,20/01/2022 20:53
309,Anão Brasileiro,13,6,26,-13,63.48,0.50,0.59,2,5,0,1,2,3,-15,14740171,20/01/2022 20:53
310,rebores,36,5,29,+7,94.89,1.24,0.74,17,4,0,1,8,4,-8,14799706,25/01/2022 20:08
311,Anabele de Malhadas,41,4,32,+9,112.79,1.28,0.68,14,5,5,0,10,4,-10,14799706,25/01/2022 20:08
312,Puff,22,10,32,-10,65.53,0.69,0.74,14,6,0,1,3,2,-13,14799706,25/01/2022 20:08
313,urielton,33,6,38,-5,92.36,0.87,0.66,12,9,1,0,8,7,-16,14799706,25/01/2022 20:08
314,bemol,23,7,30,-7,69.68,0.77,0.66,13,7,1,1,4,4,-18,14799706,25/01/2022 20:08
315,X4MVSSJGOD,34,10,31,+3,102.60,1.10,0.74,14,7,0,2,7,7,+17,14799706,25/01/2022 20:08
316,El maldito Diplo,35,14,28,+7,105.81,1.25,0.74,14,6,0,1,9,4,+17,14799706,25/01/2022 20:08
317,mONESY,41,4,26,+15,109.00,1.58,0.77,17,6,2,3,11,7,+17,14799706,25/01/2022 20:08
318,Intel® Core™ i5-10300H,26,4,35,-9,76.28,0.74,0.66,11,7,2,0,6,4,+13,14799706,25/01/2022 20:08
319,lxu,25,8,35,-10,71.57,0.71,0.72,11,7,0,0,5,3,+12,14799706,25/01/2022 20:08
320,Vitinho,21,3,16,+5,110.88,1.31,0.69,7,4,0,2,5,0,+21,14801834,25/01/2022 21:50
321,Taldo sucrivo,30,3,14,+16,136.69,2.14,0.73,11,2,0,1,11,5,+20,14801834,25/01/2022 21:50
322,Taldo Canalzera,24,4,16,+8,118.23,1.50,0.65,9,3,0,0,7,3,+19,14801834,25/01/2022 21:50
323,Taldo Flakes,9,4,19,-10,54.54,0.47,0.69,6,3,0,0,1,0,+13,14801834,25/01/2022 21:50
324,Taldo Dago,8,3,16,-8,37.69,0.50,0.69,10,2,0,0,2,1,+12,14801834,25/01/2022 21:50
325,Anabele de Malhadas,26,6,19,+7,152.27,1.37,0.69,6,2,0,0,9,6,-8,14801834,25/01/2022 21:50
326,urielton,16,3,19,-3,97.23,0.84,0.69,6,3,0,0,3,6,-13,14801834,25/01/2022 21:50
327,rebores,12,0,17,-5,50.08,0.71,0.54,8,0,0,0,2,1,-16,14801834,25/01/2022 21:50
328,urielton,24,0,19,+5,95.92,1.26,0.54,6,1,1,0,8,4,-16,14801834,25/01/2022 21:50
329,Puff,3,1,18,-15,29.73,0.17,0.5,8,5,0,0,0,0,-20,14801834,25/01/2022 21:50
330,Sgt. Tirapani,16,1,17,-1,81.61,0.94,0.7,6,0,0,0,3,1,-8,14810518,26/01/2022 18:45
331,Lamc #,15,3,18,-3,85.04,0.83,0.57,5,0,0,0,5,0,-10,14810518,26/01/2022 18:45
332,Daniel Malandro,9,4,21,-12,65.61,0.43,0.52,2,3,0,0,3,2,-14,14810518,26/01/2022 18:45
333,Papai ^ WLX ;D,12,3,21,-9,80.87,0.57,0.52,1,1,0,0,1,3,-15,14810518,26/01/2022 18:45
334,Buterd,7,2,18,-11,41.74,0.39,0.43,4,0,0,0,1,3,-17,14810518,26/01/2022 18:45
335,bemol,24,6,11,+13,135.43,2.18,0.87,10,3,0,2,7,8,+22,14810518,26/01/2022 18:45
336,rebores,14,5,11,+3,72.70,1.27,0.91,11,4,0,0,3,0,+14,14810518,26/01/2022 18:45
337,Puff,18,2,11,+7,87.74,1.64,0.87,10,3,2,0,2,2,+14,14810518,26/01/2022 18:45
338,urielton,23,2,12,+11,114.26,1.92,0.83,11,3,4,0,6,2,+12,14810518,26/01/2022 18:45
339,Anabele de Malhadas,16,3,14,+2,88.00,1.14,0.74,9,2,3,0,4,1,+11,14810518,26/01/2022 18:45
340,bemol,22,5,14,+8,112.62,1.57,0.85,10,3,0,1,6,4,+19,14811255,26/01/2022 19:37
341,urielton,23,4,16,+7,116.77,1.44,0.85,10,8,2,0,4,4,+16,14811255,26/01/2022 19:37
342,Puff,19,4,16,+3,99.81,1.19,0.85,9,3,6,0,4,0,+14,14811255,26/01/2022 19:37
343,Anabele de Malhadas,19,4,15,+4,107.15,1.27,0.65,11,3,2,0,6,5,+13,14811255,26/01/2022 19:37
344,rebores,7,0,15,-8,35.00,0.47,0.56,9,2,1,0,0,0,+7,14811255,26/01/2022 19:37
345,Pettersz_,6,2,10,-4,55.27,0.60,0.6,3,2,0,1,1,1,-4,14811255,26/01/2022 19:37
346,ArthUrZerA,23,2,16,+7,108.12,1.44,0.73,7,2,0,1,7,6,-6,14811255,26/01/2022 19:37
347,Gide,16,2,17,-1,82.77,0.94,0.73,5,3,1,0,2,4,-7,14811255,26/01/2022 19:37
348,fabiN,14,6,19,-5,86.77,0.74,0.65,5,4,1,1,5,0,-9,14811255,26/01/2022 19:37
349,Daviii,14,2,19,-5,71.23,0.74,0.69,7,4,2,0,3,2,-10,14811255,26/01/2022 19:37
350,Reformed,4,0,9,-5,45.73,0.44,0.55,1,1,0,0,0,0,-13,14811255,26/01/2022 19:37
351,Kapileh,26,8,23,+3,132.46,1.13,0.68,5,3,1,0,7,2,-8,14813151,26/01/2022 21:20
352,dodoza0,25,4,18,+7,106.29,1.39,0.64,9,3,0,1,7,5,-9,14813151,26/01/2022 21:20
353,Guibson,17,3,19,-2,72.96,0.89,0.64,9,3,4,0,5,2,-13,14813151,26/01/2022 21:20
354,joreba,10,3,19,-9,41.21,0.53,0.61,8,2,1,0,3,2,-15,14813151,26/01/2022 21:20
355,AKenasi,14,5,20,-6,73.04,0.70,0.54,7,2,0,0,5,0,-16,14813151,26/01/2022 21:20
356,urielton,31,1,16,+15,138.07,1.94,0.68,10,1,5,2,9,7,+18,14813151,26/01/2022 21:20
357,Puff,19,3,18,+1,84.86,1.06,0.61,9,4,1,0,6,1,+18,14813151,26/01/2022 21:20
358,bemol,23,3,19,+4,101.36,1.21,0.68,7,2,1,1,8,4,+15,14813151,26/01/2022 21:20
359,Anabele de Malhadas,16,4,21,-5,81.82,0.76,0.68,6,4,1,1,4,3,+13,14813151,26/01/2022 21:20
360,rebores,10,4,18,-8,58.21,0.56,0.64,9,3,0,0,2,2,+12,14813151,26/01/2022 21:20
361,mt1,21,3,19,+2,126.17,1.11,0.78,2,3,0,1,6,1,-6,14859844,30/01/2022 18:24
362,JaacKs,16,0,18,-2,80.14,0.89,0.59,1,1,0,1,3,6,-10,14859844,30/01/2022 18:24
363,MIRINHA DE BAMBU,14,2,21,-7,69.30,0.67,0.48,0,4,1,1,5,2,-13,14859844,30/01/2022 18:24
364,vinizica,11,3,19,-8,62.09,0.58,0.48,2,1,0,2,3,0,-14,14859844,30/01/2022 18:24
365,leoevr,4,6,22,-18,61.65,0.18,0.48,1,3,0,0,0,1,-16,14859844,30/01/2022 18:24
366,urielton,34,3,13,+21,174.30,2.62,0.91,9,3,2,1,10,4,+16,14859844,30/01/2022 18:24
367,bemol,23,4,12,+11,134.09,1.92,0.83,10,3,1,1,6,3,+16,14859844,30/01/2022 18:24
368,Donizete,15,3,14,+1,80.39,1.07,0.74,8,5,1,1,3,1,+13,14859844,30/01/2022 18:24
369,Anabele de Malhadas,16,7,16,0,102.30,1.00,0.87,6,6,1,0,5,3,+12,14859844,30/01/2022 18:24
370,Puff,10,3,11,-1,43.39,0.91,0.78,12,1,2,0,1,2,+10,14859844,30/01/2022 18:24
371,lu4n,26,5,22,+4,100.86,1.18,0.83,6,4,0,1,7,4,-7,14860708,30/01/2022 19:18
372,mclaren,23,6,21,+2,99.55,1.10,0.72,8,4,2,0,5,3,-10,14860708,30/01/2022 19:18
373,roodd,14,5,19,-5,75.83,0.74,0.59,9,3,0,1,3,0,-15,14860708,30/01/2022 19:18
374,NakaZoldyck-,16,5,24,-8,82.90,0.67,0.66,5,3,0,0,3,4,-18,14860708,30/01/2022 19:18
375,zeu$,16,2,22,-6,63.03,0.73,0.41,4,3,0,2,4,3,-18,14860708,30/01/2022 19:18
376,Donizete,21,3,16,+5,87.38,1.31,0.76,11,2,0,1,5,3,+18,14860708,30/01/2022 19:18
377,Anabele de Malhadas,24,2,22,+2,118.03,1.09,0.76,7,3,1,0,6,4,+16,14860708,30/01/2022 19:18
378,urielton,30,2,21,+9,129.31,1.43,0.72,7,4,0,1,9,3,+16,14860708,30/01/2022 19:18
379,bemol,20,4,16,+4,96.76,1.25,0.69,13,2,0,0,6,2,+14,14860708,30/01/2022 19:18
380,Puff,13,5,20,-7,59.66,0.65,0.72,9,6,0,0,1,3,+14,14860708,30/01/2022 19:18
381,J-F,38,7,27,+11,120.12,1.41,0.74,14,6,2,2,11,3,+21,14861734,30/01/2022 20:21
382,duaice,38,8,26,+12,126.17,1.46,0.74,15,3,2,0,13,9,+16,14861734,30/01/2022 20:21
383,Jonin,30,3,30,0,89.31,1.00,0.6,10,3,0,1,8,3,+15,14861734,30/01/2022 20:21
384,' KMX ~,20,5,32,-12,68.10,0.63,0.6,8,9,0,0,5,3,+12,14861734,30/01/2022 20:21
385,I N S A N Y,16,3,26,-10,45.19,0.62,0.57,13,4,0,1,2,5,+12,14861734,30/01/2022 20:21
386,urielton,34,3,28,+6,98.26,1.21,1.0,18,7,3,1,9,5,-8,14861734,30/01/2022 20:21
387,Anabele de Malhadas,29,11,31,-2,103.40,0.94,0.71,11,3,3,1,7,5,-11,14861734,30/01/2022 20:21
388,Donizete,29,4,27,+2,79.26,1.07,0.69,15,4,2,1,7,3,-13,14861734,30/01/2022 20:21
389,bemol,23,4,27,-4,78.36,0.85,0.81,15,10,3,0,2,4,-15,14861734,30/01/2022 20:21
390,Puff,26,5,29,-3,77.21,0.90,0.64,13,6,4,0,6,2,-18,14861734,30/01/2022 20:21
391,L$R,31,7,32,-1,112.55,0.97,0.65,7,8,0,0,8,2,-8,14884081,01/02/2022 19:04
392,N T N,29,4,31,-2,94.35,0.94,0.6,8,4,1,0,8,2,-13,14884081,01/02/2022 19:04
393,JOAOZ1N,23,4,29,-6,75.83,0.79,0.6,10,5,0,0,5,3,-13,14884081,01/02/2022 19:04
394,BNW'S,24,5,31,-7,73.08,0.77,0.53,8,4,1,1,7,3,-15,14884081,01/02/2022 19:04
395,LeUZ1N,19,8,31,-12,71.63,0.61,0.63,8,3,0,0,3,6,-18,14884081,01/02/2022 19:04
396,urielton,49,1,22,+27,126.28,2.23,0.83,15,5,3,3,14,14,+20,14884081,01/02/2022 19:04
397,Donizete,42,10,25,+17,131.35,1.68,0.85,15,10,3,0,14,1,+19,14884081,01/02/2022 19:04
398,Anabele de Malhadas,31,5,27,+4,98.95,1.15,0.83,13,9,0,0,6,7,+15,14884081,01/02/2022 19:04
399,Puff,19,14,28,-9,81.38,0.68,0.78,12,10,1,0,3,1,+13,14884081,01/02/2022 19:04
400,rebores,13,4,24,-11,46.35,0.54,0.73,13,6,1,1,0,1,+12,14884081,01/02/2022 19:04
401,Anabele de Malhadas,28,2,19,+9,119.10,1.47,0.77,9,3,4,1,8,2,-9,14885765,01/02/2022 20:39
402,Puff,19,9,23,-4,103.00,0.83,0.8,6,7,1,0,5,1,-11,14885765,01/02/2022 20:39
403,Donizete,21,4,18,+3,84.57,1.17,0.63,12,5,0,0,4,3,-13,14885765,01/02/2022 20:39
404,rebores,9,2,22,-13,54.10,0.41,0.67,7,4,0,0,0,2,-16,14885765,01/02/2022 20:39
405,urielton,22,3,21,+1,94.33,1.05,0.6,8,3,3,1,6,4,-18,14885765,01/02/2022 20:39
406,FoNtZ,37,5,19,+18,157.67,1.95,0.9,8,2,0,1,11,3,+20,14885765,01/02/2022 20:39
407,R4fa,14,2,20,-6,58.97,0.70,0.6,9,3,0,1,1,4,+16,14885765,01/02/2022 20:39
408,ÉOT4KEEE!,19,3,22,-3,86.97,0.86,0.67,7,3,2,1,4,3,+15,14885765,01/02/2022 20:39
409,1berto,13,3,18,-5,56.17,0.72,0.6,11,3,2,1,3,2,+14,14885765,01/02/2022 20:39
410,Boni,16,1,13,+3,92.23,1.23,0.86,8,3,1,0,4,6,+12,14885765,01/02/2022 20:39
411,noiziiGOD PRO v.3,4,0,5,-1,85.50,0.80,0.33,1,0,0,0,2,0,0,14885765,01/02/2022 20:39
412,NARUTO DO CS,22,5,18,+4,103.60,1.22,0.8,12,3,1,0,5,2,+19,14887200,01/02/2022 21:48
413,zyluck,28,0,20,+8,91.23,1.40,0.53,8,1,1,1,8,5,+17,14887200,01/02/2022 21:48
414,LziiN1,22,9,22,0,112.20,1.00,0.73,6,5,0,0,6,3,+17,14887200,01/02/2022 21:48
415,zeca_paugordinho,11,4,22,-11,50.97,0.50,0.63,6,5,0,1,2,2,+14,14887200,01/02/2022 21:48
416,duds,18,3,22,-4,75.10,0.82,0.5,7,1,0,1,5,2,+13,14887200,01/02/2022 21:48
417,Anabele de Malhadas,32,3,18,+14,128.20,1.78,0.8,12,2,1,0,10,2,-9,14887200,01/02/2022 21:48
418,rebores,10,1,20,-10,64.46,0.50,1.0,11,5,0,0,1,3,-13,14887200,01/02/2022 21:48
419,Donizete,22,5,19,+3,95.23,1.16,0.6,11,4,0,1,6,0,-13,14887200,01/02/2022 21:48
420,urielton,25,1,24,+1,103.67,1.04,0.73,6,4,3,0,6,6,-14,14887200,01/02/2022 21:48
421,Puff,15,2,20,-5,57.70,0.75,0.63,10,4,0,0,4,5,-15,14887200,01/02/2022 21:48
422,urielton,37,3,18,+19,165.59,2.06,0.89,8,3,1,0,11,10,-8,14908429,03/02/2022 19:03
423,bemol,23,2,21,+2,95.93,1.10,0.7,6,5,0,0,8,2,-11,14908429,03/02/2022 19:03
424,Puff,10,5,20,-10,68.93,0.50,0.78,6,6,2,0,1,3,-11,14908429,03/02/2022 19:03
425,rebores,15,1,21,-6,63.56,0.71,0.59,6,3,3,1,2,1,-12,14908429,03/02/2022 19:03
426,Anabele de Malhadas,6,5,21,-15,56.19,0.29,0.59,6,4,1,1,1,1,-17,14908429,03/02/2022 19:03
427,Side BoB,23,3,19,+4,126.93,1.21,0.7,6,5,0,1,6,1,+16,14908429,03/02/2022 19:03
428,JEAN,28,5,18,+10,111.70,1.56,0.74,7,0,0,1,8,2,+15,14908429,03/02/2022 19:03
429,Vinho Diezel,20,3,16,+4,99.52,1.25,0.63,9,2,2,1,4,5,+13,14908429,03/02/2022 19:03
430,Brazas,12,3,20,-8,71.00,0.60,0.63,7,4,0,0,1,2,+12,14908429,03/02/2022 19:03
431,LINEUZINHO,18,4,18,0,91.96,1.00,0.78,9,4,4,0,5,0,+12,14908429,03/02/2022 19:03
432,nanad0,21,4,16,+5,101.93,1.31,0.57,8,2,1,1,6,4,+16,14909324,03/02/2022 19:58
433,pAndola,26,7,18,+8,121.71,1.44,0.79,10,4,2,0,6,3,+15,14909324,03/02/2022 19:58
434,MY BAD Vnest,17,3,19,-2,89.00,0.89,0.79,9,3,1,0,3,4,+15,14909324,03/02/2022 19:58
435,uno mille 98/99,24,2,18,+6,90.39,1.33,0.79,10,4,0,0,8,0,+13,14909324,03/02/2022 19:58
436,twitch.tv/jaozzzin,12,3,17,-5,62.07,0.71,0.68,10,2,0,0,1,3,+10,14909324,03/02/2022 19:58
437,Anabele de Malhadas,27,4,20,+7,113.46,1.35,0.79,7,3,0,0,8,5,-6,14909324,03/02/2022 19:58
438,bemol,15,4,20,-5,85.75,0.75,0.68,6,4,0,1,4,3,-10,14909324,03/02/2022 19:58
439,urielton,22,3,22,0,99.93,1.00,0.64,5,2,1,1,6,1,-12,14909324,03/02/2022 19:58
440,rebores,11,3,19,-8,64.18,0.58,0.61,9,3,0,0,1,2,-13,14909324,03/02/2022 19:58
441,Puff,12,2,21,-9,60.82,0.57,0.54,8,3,0,0,2,1,-17,14909324,03/02/2022 19:58
442,Anabele de Malhadas,22,5,16,+6,100.48,1.38,0.78,10,2,1,1,6,1,+16,14910709,03/02/2022 21:10
443,urielton,29,4,17,+12,128.96,1.71,0.7,10,3,1,0,8,8,+13,14910709,03/02/2022 21:10
444,bemol,24,2,16,+8,105.85,1.50,0.74,11,2,0,0,5,2,+13,14910709,03/02/2022 21:10
445,rebores,14,3,14,0,69.70,1.00,0.7,13,2,0,0,1,2,+12,14910709,03/02/2022 21:10
446,Puff,13,2,18,-5,78.33,0.72,0.67,9,4,7,0,3,0,+11,14910709,03/02/2022 21:10
447,bart -oN-,19,4,17,+2,94.52,1.12,0.67,10,3,0,0,4,4,-7,14910709,03/02/2022 21:10
448,pilef,20,4,26,-6,100.96,0.77,0.67,2,3,0,0,4,4,-9,14910709,03/02/2022 21:10
449,Veryy 027,15,2,19,-4,69.11,0.79,1.0,12,3,1,0,4,2,-10,14910709,03/02/2022 21:10
450,vbarbosa1,15,3,20,-5,75.81,0.75,0.63,7,2,0,0,4,3,-13,14910709,03/02/2022 21:10
451,Kl0se,12,4,20,-8,57.70,0.60,0.48,7,1,0,0,2,1,-16,14910709,03/02/2022 21:10
452,urielton,33,4,17,+16,155.00,1.94,0.75,9,1,1,2,10,8,+18,14945458,06/02/2022 18:12
453,bemol,25,4,20,+5,108.50,1.25,0.82,7,4,0,0,8,2,+15,14945458,06/02/2022 18:12
454,rebores,16,3,16,0,72.61,1.00,0.71,10,3,0,1,4,1,+15,14945458,06/02/2022 18:12
455,Puff,14,3,18,-4,58.68,0.78,0.71,7,4,2,1,3,3,+14,14945458,06/02/2022 18:12
456,Anabele de Malhadas,21,5,18,+3,104.00,1.17,0.71,9,2,1,0,7,1,+13,14945458,06/02/2022 18:12
457,Finito,27,1,22,+5,118.39,1.23,0.71,5,1,0,1,7,6,-7,14945458,06/02/2022 18:12
458,calai,22,0,20,+2,94.50,1.10,0.68,6,3,1,2,6,1,-11,14945458,06/02/2022 18:12
459,calai de asa,13,5,23,-10,93.64,0.57,0.57,5,1,0,0,4,3,-12,14945458,06/02/2022 18:12
460,Supreminha aposentado,15,3,21,-6,84.57,0.71,0.43,5,2,0,1,4,2,-14,14945458,06/02/2022 18:12
461,Hero2k,12,1,23,-11,49.86,0.52,0.57,5,1,0,0,2,1,-19,14945458,06/02/2022 18:12
462,urielton,22,4,15,+7,102.67,1.47,0.85,11,5,5,1,7,5,+18,14946332,06/02/2022 19:05
463,Anabele de Malhadas,30,5,17,+13,133.11,1.76,0.81,9,5,1,0,9,5,+17,14946332,06/02/2022 19:05
464,rebores,17,1,15,+2,82.70,1.13,0.78,11,7,0,0,4,2,+15,14946332,06/02/2022 19:05
465,Puff,10,4,12,-2,57.78,0.83,0.74,14,5,4,0,0,0,+13,14946332,06/02/2022 19:05
466,bemol,17,4,19,-2,94.11,0.89,0.67,8,5,0,0,3,4,+12,14946332,06/02/2022 19:05
467,vldk,7,2,17,-10,61.05,0.41,0.48,3,1,0,1,0,5,-6,14946332,06/02/2022 19:05
468,GoKi,20,5,20,0,98.07,1.00,0.81,8,3,0,0,4,2,-8,14946332,06/02/2022 19:05
469,Tx*,19,3,19,0,92.59,1.00,0.74,8,4,0,0,4,0,-9,14946332,06/02/2022 19:05
470,ALOISIO CHULAPA,20,5,19,+1,97.89,1.05,0.59,7,2,1,0,4,2,-10,14946332,06/02/2022 19:05
471,Odinzk,10,1,18,-8,56.85,0.56,0.63,9,1,0,0,1,1,-11,14946332,06/02/2022 19:05
472,Lc$,2,0,3,-1,8.07,0.67,0.96,15,1,0,0,0,1,-12,14946332,06/02/2022 19:05
473,wSm.cfg,25,1,19,+6,121.46,1.32,0.85,8,0,0,2,7,5,-7,14947531,06/02/2022 20:14
474,skillMONSTERR,20,3,21,-1,82.07,0.95,0.63,5,4,0,1,4,5,-9,14947531,06/02/2022 20:14
475,twitch.tv/lrseven,16,1,20,-4,70.56,0.80,0.67,6,3,1,0,2,0,-12,14947531,06/02/2022 20:14
476,twitch.tv/grs03,15,4,22,-7,78.93,0.68,0.59,5,3,1,0,5,2,-14,14947531,06/02/2022 20:14
477,AsL,10,2,19,-9,62.19,0.53,0.52,8,0,2,0,2,1,-16,14947531,06/02/2022 20:14
478,Anabele de Malhadas,29,1,19,+10,131.07,1.53,0.74,6,5,1,2,8,4,+20,14947531,06/02/2022 20:14
479,rebores,13,3,15,-2,68.15,0.87,0.85,10,5,1,0,1,2,+14,14947531,06/02/2022 20:14
480,urielton,25,3,17,+8,125.85,1.47,0.74,9,5,3,1,8,3,+13,14947531,06/02/2022 20:14
481,bemol,18,5,19,-1,94.41,0.95,0.63,7,4,1,1,6,5,+13,14947531,06/02/2022 20:14
482,Puff,16,3,16,0,67.26,1.00,0.7,11,3,1,0,4,0,+11,14947531,06/02/2022 20:14
483,urielton,31,4,17,+14,133.00,1.82,0.71,7,3,2,3,10,5,+17,14968905,08/02/2022 19:00
484,rebores,17,3,18,-1,86.11,0.94,0.82,9,6,0,1,3,4,+16,14968905,08/02/2022 19:00
485,Puff,21,5,18,+3,106.25,1.17,0.64,9,5,1,0,4,4,+14,14968905,08/02/2022 19:00
486,bemol,17,3,17,0,77.00,1.00,0.75,11,5,0,0,4,1,+12,14968905,08/02/2022 19:00
487,Anabele de Malhadas,22,3,21,+1,84.64,1.05,0.71,5,4,0,0,6,2,+12,14968905,08/02/2022 19:00
488,LINGUISA,28,7,20,+8,128.07,1.40,0.75,6,1,0,2,7,5,-7,14968905,08/02/2022 19:00
489,Jota Talibã,19,3,20,-1,105.18,0.95,0.68,8,5,1,0,2,3,-10,14968905,08/02/2022 19:00
490,? JordaoZera,21,1,22,-1,90.96,0.95,0.68,6,4,1,0,4,1,-11,14968905,08/02/2022 19:00
491,BRITO $,12,4,23,-11,61.07,0.52,0.57,5,4,0,0,4,2,-15,14968905,08/02/2022 19:00
492,Aka 2D,11,4,23,-12,47.75,0.48,0.64,5,5,0,0,0,1,-17,14968905,08/02/2022 19:00
493,jun1nho,25,2,18,+7,100.73,1.39,0.73,11,1,0,1,5,6,+21,14970028,08/02/2022 20:10
494,mts,23,6,18,+5,102.40,1.28,0.8,10,2,0,0,4,1,+13,14970028,08/02/2022 20:10
495,pMAIS!,27,0,21,+6,93.07,1.29,0.67,8,3,0,0,6,3,+13,14970028,08/02/2022 20:10
496,gp -_-,20,6,25,-5,101.13,0.80,0.6,4,2,0,0,6,5,+13,14970028,08/02/2022 20:10
497,N3TOX,10,5,20,-10,52.20,0.50,0.63,10,2,0,0,0,1,+10,14970028,08/02/2022 20:10
498,Anabele de Malhadas,18,9,23,-5,101.60,0.78,0.87,7,8,4,0,4,3,-9,14970028,08/02/2022 20:10
499,urielton,35,4,18,+17,135.97,1.94,0.83,12,3,2,0,10,6,-9,14970028,08/02/2022 20:10
500,bemol,22,5,20,+2,92.07,1.10,0.73,9,2,1,1,5,3,-11,14970028,08/02/2022 20:10
501,Puff,14,3,22,-8,55.77,0.64,0.63,6,5,3,0,4,1,-15,14970028,08/02/2022 20:10
502,rebores,13,0,22,-9,57.00,0.59,0.57,7,5,2,1,3,1,-15,14970028,08/02/2022 20:10
503,Anabele de Malhadas,27,3,22,+5,118.40,1.23,0.83,6,4,0,1,7,4,+16,14971445,08/02/2022 21:16
504,urielton,32,4,18,+14,132.87,1.78,0.97,12,8,2,0,7,5,+13,14971445,08/02/2022 21:16
505,Puff,16,6,17,-1,75.23,0.94,0.73,13,1,1,0,3,1,+11,14971445,08/02/2022 21:16
506,bemol,22,5,21,+1,90.37,1.05,0.77,9,6,0,0,6,4,+11,14971445,08/02/2022 21:16
507,rebores,13,4,22,-9,58.50,0.59,0.63,8,6,1,0,2,0,+9,14971445,08/02/2022 21:16
508,Guizera,27,2,21,+6,118.83,1.29,0.69,5,5,0,2,7,4,-7,14971445,08/02/2022 21:16
509,ArTuck,12,2,19,-7,53.97,0.63,0.67,9,1,1,1,1,2,-8,14971445,08/02/2022 21:16
510,Neyzao,19,3,20,-1,85.70,0.95,0.73,7,3,1,0,2,4,-9,14971445,08/02/2022 21:16
511,FERD_XABLAU,22,6,26,-4,100.90,0.85,0.67,4,2,0,0,4,2,-12,14971445,08/02/2022 21:16
512,twitch.tv/raulrvs,20,1,23,-3,75.33,0.87,0.57,5,3,0,1,6,2,-13,14971445,08/02/2022 21:16
513,Puff,22,6,20,+2,99.43,1.10,0.75,7,5,0,0,6,4,-8,14992333,10/02/2022 19:04
514,bemol,20,0,18,+2,84.07,1.11,0.57,8,2,0,0,7,2,-14,14992333,10/02/2022 19:04
515,urielton,19,9,22,-3,110.11,0.86,0.68,5,3,1,0,6,2,-14,14992333,10/02/2022 19:04
516,Anabele de Malhadas,19,3,18,+1,78.93,1.06,0.61,7,2,0,1,5,2,-16,14992333,10/02/2022 19:04
517,rebores,10,3,22,-12,54.57,0.45,0.61,5,4,0,1,2,1,-16,14992333,10/02/2022 19:04
518,Darteeh,26,6,15,+11,113.21,1.73,0.71,9,2,0,2,8,4,+18,14992333,10/02/2022 19:04
519,PUN1SH3R,21,5,18,+3,98.43,1.17,0.71,9,3,0,1,6,2,+16,14992333,10/02/2022 19:04
520,thiaGOD,23,6,20,+3,117.04,1.15,0.89,7,3,0,0,6,6,+16,14992333,10/02/2022 19:04
521,Jhonzin,17,3,21,-4,67.07,0.81,0.71,5,4,0,0,3,2,+14,14992333,10/02/2022 19:04
522,BUNNYEARS,14,3,16,-2,66.57,0.88,0.64,11,1,0,0,2,3,+12,14992333,10/02/2022 19:04
523,Okkay,31,2,13,+18,116.63,2.38,0.81,10,3,3,1,10,1,+24,14993263,10/02/2022 20:05
524,Botzinn_,21,5,19,+2,110.67,1.11,0.63,8,0,0,0,6,6,+15,14993263,10/02/2022 20:05
525,vh$,17,3,16,+1,90.52,1.06,0.67,10,3,0,1,6,1,+14,14993263,10/02/2022 20:05
526,Sleep,14,1,17,-3,54.22,0.82,0.67,10,1,0,0,3,2,+12,14993263,10/02/2022 20:05
527,Save.exe,7,2,5,+2,113.89,1.40,0.78,4,0,0,0,2,2,+9,14993263,10/02/2022 20:05
528,fullon? gosto muito,6,1,13,-7,51.24,0.46,0.53,4,1,0,0,0,2,0,14993263,10/02/2022 20:05
529,urielton,22,3,17,+5,102.78,1.29,0.67,9,2,2,1,5,6,-12,14993263,10/02/2022 20:05
530,bemol,19,6,18,+1,92.07,1.06,0.7,9,3,1,0,4,4,-12,14993263,10/02/2022 20:05
531,Puff,20,5,19,+1,104.07,1.05,0.67,7,3,2,0,7,2,-12,14993263,10/02/2022 20:05
532,Anabele de Malhadas,14,5,18,-4,74.07,0.78,0.74,9,3,0,0,3,0,-15,14993263,10/02/2022 20:05
533,rebores,9,1,24,-15,55.07,0.38,0.56,3,8,0,0,2,1,-18,14993263,10/02/2022 20:05
534,Anabele de Malhadas,24,4,15,+9,120.96,1.60,0.73,10,5,1,1,8,4,+17,14994545,10/02/2022 21:13
535,bemol,26,5,17,+9,117.31,1.53,0.85,7,5,0,1,9,2,+17,14994545,10/02/2022 21:13
536,urielton,26,2,14,+12,114.35,1.86,0.81,12,3,0,0,6,5,+13,14994545,10/02/2022 21:13
537,rebores,11,3,16,-5,54.88,0.69,0.77,10,6,0,0,1,0,+12,14994545,10/02/2022 21:13
538,Puff,17,4,17,0,79.00,1.00,0.69,8,1,0,0,5,5,+12,14994545,10/02/2022 21:13
539,JuAnZyN,23,6,19,+4,101.42,1.21,0.69,5,3,0,1,5,3,-6,14994545,10/02/2022 21:13
540,s0nekha,16,5,23,-7,85.50,0.70,0.65,3,5,1,0,4,4,-12,14994545,10/02/2022 21:13
541,Commander,20,4,19,+1,91.88,1.05,0.62,6,2,0,1,5,2,-12,14994545,10/02/2022 21:13
542,Cephalon,12,9,19,-7,84.81,0.63,0.58,6,3,0,1,3,1,-14,14994545,10/02/2022 21:13
543,Fska,8,2,24,-16,45.15,0.33,0.31,2,1,0,0,1,0,-17,14994545,10/02/2022 21:13
544,bemol,24,4,15,+9,105.87,1.60,0.83,15,2,0,0,5,5,-7,15025452,13/02/2022 17:07
545,urielton,26,2,19,+7,105.83,1.37,0.77,10,3,6,0,4,8,-11,15025452,13/02/2022 17:07
546,Donizete,22,3,17,+5,95.37,1.29,0.7,13,0,1,0,4,1,-13,15025452,13/02/2022 17:07
547,Anabele de Malhadas,14,7,20,-6,75.13,0.70,0.67,10,2,1,0,1,5,-16,15025452,13/02/2022 17:07
548,Puff,9,3,18,-9,56.03,0.50,0.63,12,4,2,0,2,1,-17,15025452,13/02/2022 17:07
549,nico,15,3,18,-3,67.47,0.83,0.63,10,4,0,1,2,1,+17,15025452,13/02/2022 17:07
550,vkz,18,3,21,-3,82.20,0.86,0.67,8,3,0,1,4,2,+16,15025452,13/02/2022 17:07
551,Ainda,16,2,19,-3,70.00,0.84,0.6,10,2,0,0,3,3,+15,15025452,13/02/2022 17:07
552,PineApple,20,6,19,+1,91.27,1.05,0.67,11,0,0,0,5,0,+15,15025452,13/02/2022 17:07
553,dnz69,20,2,18,+2,88.47,1.11,0.57,12,1,0,0,6,4,+14,15025452,13/02/2022 17:07
554,Anabele de Malhadas,29,4,17,+12,165.85,1.71,0.73,8,3,1,1,8,3,+18,15026513,13/02/2022 18:15
555,urielton,23,4,13,+10,106.38,1.77,0.81,13,2,4,0,7,5,+14,15026513,13/02/2022 18:15
556,Puff,16,0,13,+3,67.38,1.23,0.69,12,1,2,1,5,1,+14,15026513,13/02/2022 18:15
557,bemol,22,1,18,+4,91.04,1.22,0.77,8,3,1,0,5,5,+14,15026513,13/02/2022 18:15
558,rebores,12,2,14,-2,60.73,0.86,0.69,9,4,0,1,2,2,+14,15026513,13/02/2022 18:15
559,Vitão&lt;3,18,4,23,-5,95.88,0.78,0.62,3,2,0,0,4,4,-9,15026513,13/02/2022 18:15
560,MT-,18,2,20,-2,85.62,0.90,0.58,4,1,1,2,3,2,-10,15026513,13/02/2022 18:15
561,BAETA,14,4,20,-6,73.27,0.70,0.62,6,4,0,0,4,1,-13,15026513,13/02/2022 18:15
562,Gui,13,2,20,-7,66.27,0.65,0.65,5,2,0,0,1,2,-14,15026513,13/02/2022 18:15
563,Gunther_,12,3,20,-8,73.88,0.60,0.46,6,3,0,0,3,1,-17,15026513,13/02/2022 18:15
564,Anabele de Malhadas,19,2,16,+3,104.00,1.19,0.72,8,2,2,1,4,4,-8,15027376,13/02/2022 19:10
565,urielton,19,1,18,+1,91.80,1.06,0.6,6,3,3,0,7,2,-15,15027376,13/02/2022 19:10
566,bemol,13,6,18,-5,76.28,0.72,0.64,7,1,0,0,2,0,-15,15027376,13/02/2022 19:10
567,Puff,10,3,18,-8,62.36,0.56,0.52,6,2,1,0,2,0,-18,15027376,13/02/2022 19:10
568,rebores,9,2,21,-12,44.00,0.43,0.52,4,3,0,0,1,2,-19,15027376,13/02/2022 19:10
569,Ysy A Bebeeee,23,6,12,+11,137.28,1.92,0.84,10,2,1,1,7,4,+24,15027376,13/02/2022 19:10
570,Zeeyyh,21,0,14,+7,99.48,1.50,0.68,9,3,1,1,6,2,+19,15027376,13/02/2022 19:10
571,pinwi,13,6,15,-2,78.00,0.87,0.76,10,3,1,0,1,3,+16,15027376,13/02/2022 19:10
572,Nahhugz,19,4,14,+5,90.72,1.36,0.64,10,0,1,0,5,5,+16,15027376,13/02/2022 19:10
573,faki,15,3,15,0,69.00,1.00,0.76,9,5,0,0,5,3,+15,15027376,13/02/2022 19:10
574,Luka Doncic,23,4,24,-1,99.07,0.96,0.67,5,3,0,2,6,5,-8,15028203,13/02/2022 20:00
575,matiemontoya,20,2,23,-3,84.70,0.87,0.63,6,6,0,0,6,7,-10,15028203,13/02/2022 20:00
576,Akraus,19,4,22,-3,91.77,0.86,0.7,7,2,1,0,3,5,-14,15028203,13/02/2022 20:00
577,ElProfetaJhonson,15,5,21,-6,75.70,0.71,0.6,7,1,0,1,4,2,-15,15028203,13/02/2022 20:00
578,Uriel Nicolas,9,0,21,-12,42.90,0.43,0.5,9,1,0,0,3,1,-19,15028203,13/02/2022 20:00
579,Donizete,27,6,18,+9,107.23,1.50,0.87,11,5,0,0,8,1,+18,15028203,13/02/2022 20:00
580,urielton,26,2,12,+14,99.55,2.17,0.69,15,1,8,1,10,3,+17,15028203,13/02/2022 20:00
581,Anabele de Malhadas,29,4,14,+15,115.43,2.07,0.83,15,4,2,0,9,1,+17,15028203,13/02/2022 20:00
582,bemol,17,5,20,-3,89.43,0.85,0.7,10,5,1,0,4,5,+14,15028203,13/02/2022 20:00
583,rebores,12,2,21,-9,52.37,0.57,0.6,9,2,0,0,1,0,+10,15028203,13/02/2022 20:00
584,U MAD BRO????,25,0,13,+12,123.23,1.92,0.64,8,2,0,2,9,1,+19,15047803,15/02/2022 18:59
585,crazy by Jesus,16,6,15,+1,108.73,1.07,0.77,7,2,0,0,3,5,+17,15047803,15/02/2022 18:59
586,Strider_??Killer??,12,1,9,+3,63.91,1.33,0.68,12,0,1,0,2,1,+15,15047803,15/02/2022 18:59
587,mpaa!,9,4,17,-8,69.32,0.53,0.59,4,4,0,1,4,1,+14,15047803,15/02/2022 18:59
588,fn7,15,1,14,+1,83.86,1.07,0.73,8,1,0,0,4,1,+13,15047803,15/02/2022 18:59
589,urielton,26,2,17,+9,148.00,1.53,0.68,4,2,1,0,8,6,-9,15047803,15/02/2022 18:59
590,bemol,12,0,13,-1,71.86,0.92,0.73,7,2,3,0,3,2,-11,15047803,15/02/2022 18:59
591,rebores,11,2,14,-3,67.05,0.79,0.64,7,2,0,0,1,1,-14,15047803,15/02/2022 18:59
592,Anabele de Malhadas,9,5,17,-8,74.41,0.53,0.59,5,2,3,0,2,1,-17,15047803,15/02/2022 18:59
593,Puff,10,2,16,-6,67.91,0.63,0.5,6,1,2,0,3,3,-17,15047803,15/02/2022 18:59
594,urielton,15,2,18,-3,113.55,0.83,0.65,2,0,1,0,3,3,-8,15048598,15/02/2022 19:50
595,Anabele de Malhadas,11,1,18,-7,81.40,0.61,0.55,2,4,1,1,2,2,-10,15048598,15/02/2022 19:50
596,rebores,7,2,16,-9,53.85,0.44,0.55,3,3,0,0,1,0,-12,15048598,15/02/2022 19:50
597,Puff,9,1,17,-8,51.90,0.53,0.5,3,3,1,0,1,0,-14,15048598,15/02/2022 19:50
598,bemol,6,4,19,-13,59.85,0.32,0.45,1,2,2,0,1,2,-17,15048598,15/02/2022 19:50
599,Gb_z1k4,15,0,6,+9,75.85,2.50,0.85,12,1,1,2,5,1,+18,15048598,15/02/2022 19:50
600,Landim,19,9,13,+6,152.35,1.46,0.8,7,3,1,0,6,5,+16,15048598,15/02/2022 19:50
601,HARDER,18,4,8,+10,98.90,2.25,0.9,10,1,0,0,5,2,+15,15048598,15/02/2022 19:50
602,K4miK4ze,21,3,10,+11,131.30,2.10,0.85,10,2,0,0,6,4,+14,15048598,15/02/2022 19:50
603,b3R,15,4,11,+4,93.90,1.36,0.8,9,2,0,0,3,1,+10,15048598,15/02/2022 19:50
604,Sangali,16,6,23,-7,97.15,0.70,0.65,2,6,0,1,3,2,-6,15049871,15/02/2022 20:53
605,[M1N0^],15,3,20,-5,77.15,0.75,0.58,5,2,0,1,4,1,-8,15049871,15/02/2022 20:53
606,²niightzera²,16,4,24,-8,75.15,0.67,0.5,2,5,0,0,4,5,-12,15049871,15/02/2022 20:53
607,S E R J O,13,2,21,-8,55.62,0.62,0.5,4,1,0,1,2,0,-14,15049871,15/02/2022 20:53
608,niight,14,3,23,-9,86.27,0.61,0.38,3,1,0,0,5,2,-14,15049871,15/02/2022 20:53
609,urielton,40,2,15,+25,170.77,2.67,0.92,10,6,2,0,12,11,+14,15049871,15/02/2022 20:53
610,Anabele de Malhadas,30,3,15,+15,139.81,2.00,0.81,11,2,2,0,10,1,+12,15049871,15/02/2022 20:53
611,Puff,18,3,12,+6,76.15,1.50,0.85,13,3,1,0,4,3,+12,15049871,15/02/2022 20:53
612,rebores,12,7,13,-1,67.77,0.92,0.81,13,3,0,0,2,0,+10,15049871,15/02/2022 20:53
613,bemol,11,6,19,-8,75.12,0.58,0.73,7,8,0,0,3,1,+8,15049871,15/02/2022 20:53
614,Anabele de Malhadas,25,2,13,+12,152.00,1.92,0.73,7,0,2,1,6,5,+17,15059038,16/02/2022 18:43
615,urielton,29,1,12,+17,161.05,2.42,0.86,8,1,0,1,7,2,+15,15059038,16/02/2022 18:43
616,rebores,12,3,14,-2,72.86,0.86,0.82,8,6,0,0,4,1,+13,15059038,16/02/2022 18:43
617,bemol,15,3,17,-2,86.86,0.88,0.73,4,3,0,1,3,3,+13,15059038,16/02/2022 18:43
618,Puff,8,2,15,-7,50.05,0.53,0.73,6,5,2,0,2,1,+11,15059038,16/02/2022 18:43
619,Ivanjks,21,4,20,+1,128.95,1.05,0.77,2,2,1,0,5,2,-8,15059038,16/02/2022 18:43
620,daizinha,13,0,13,0,69.82,1.00,0.64,6,2,0,1,4,0,-10,15059038,16/02/2022 18:43
621,Nahuelinho;,17,1,19,-2,116.73,0.89,0.64,2,4,0,0,5,3,-11,15059038,16/02/2022 18:43
622,Em1lio,12,0,16,-4,65.41,0.75,0.59,5,3,0,0,1,0,-14,15059038,16/02/2022 18:43
623,Otis,8,4,21,-13,53.68,0.38,0.41,1,0,0,0,0,4,-16,15059038,16/02/2022 18:43
624,Puff,22,1,18,+4,93.55,1.22,0.79,9,4,1,1,4,1,-9,15059706,16/02/2022 19:33
625,urielton,25,1,20,+5,100.79,1.25,0.66,8,3,2,1,6,9,-11,15059706,16/02/2022 19:33
626,bemol,21,5,23,-2,95.07,0.91,0.76,6,4,0,0,4,5,-13,15059706,16/02/2022 19:33
627,Anabele de Malhadas,18,3,19,-1,78.86,0.95,0.66,9,3,3,0,6,2,-16,15059706,16/02/2022 19:33
628,rebores,13,3,20,-7,74.24,0.65,0.52,9,0,0,0,2,0,-18,15059706,16/02/2022 19:33
629,BonesSesh,32,4,19,+13,132.41,1.68,0.86,9,2,0,1,7,3,+27,15059706,16/02/2022 19:33
630,Kzynn,16,7,17,-1,92.24,0.94,0.66,11,4,0,0,5,2,+16,15059706,16/02/2022 19:33
631,Digital,27,5,22,+5,122.69,1.23,0.62,7,1,0,0,8,5,+15,15059706,16/02/2022 19:33
632,SmK-,17,4,21,-4,84.14,0.81,0.48,8,3,0,0,5,1,+12,15059706,16/02/2022 19:33
633,DEDÉ,8,2,20,-12,46.21,0.40,0.55,9,3,0,0,0,1,+10,15059706,16/02/2022 19:33
634,bemol,20,5,18,+2,95.50,1.11,0.68,10,1,2,0,6,3,-10,15060803,16/02/2022 20:38
635,Anabele de Malhadas,20,3,21,-1,88.96,0.95,0.68,7,5,0,0,6,2,-15,15060803,16/02/2022 20:38
636,Puff,13,3,18,-5,67.11,0.72,0.71,9,6,3,0,4,2,-15,15060803,16/02/2022 20:38
637,Donizete,17,5,21,-4,78.79,0.81,0.64,7,4,0,0,3,2,-16,15060803,16/02/2022 20:38
638,urielton,18,2,18,0,90.96,1.00,0.57,9,2,1,0,5,3,-18,15060803,16/02/2022 20:38
639,rafa,17,2,13,+4,71.64,1.31,0.64,13,0,0,1,6,1,+20,15060803,16/02/2022 20:38
640,Liinkk,24,1,20,+4,97.36,1.20,0.64,8,3,0,0,5,7,+18,15060803,16/02/2022 20:38
641,nTx,15,6,16,-1,85.36,0.94,0.75,12,5,2,0,4,1,+17,15060803,16/02/2022 20:38
642,nkZ,21,1,19,+2,88.11,1.11,0.68,9,3,0,0,6,4,+16,15060803,16/02/2022 20:38
643,JuanJf,19,3,20,-1,92.25,0.95,0.71,8,2,0,0,3,3,+15,15060803,16/02/2022 20:38
644,zoomstorm,28,0,14,+14,119.00,2.00,0.85,10,2,2,1,7,2,+21,15067145,17/02/2022 20:02
645,AKTROVÃO,19,5,13,+6,91.31,1.46,0.81,11,5,2,1,4,3,+17,15067145,17/02/2022 20:02
646,snowzzzzzzzzzzzzzzzzzzzzzzzzz,16,3,17,-1,79.92,0.94,0.69,9,3,1,0,3,1,+13,15067145,17/02/2022 20:02
647,TuroK,15,3,15,0,74.38,1.00,0.62,11,0,0,0,4,3,+12,15067145,17/02/2022 20:02
648,Pigmeu,9,2,21,-12,43.69,0.43,0.54,5,5,0,0,1,2,+10,15067145,17/02/2022 20:02
649,Anabele de Malhadas,21,6,16,+5,105.73,1.31,0.73,8,2,0,0,7,6,-10,15067145,17/02/2022 20:02
650,bemol,18,3,16,+2,77.69,1.13,0.77,9,3,2,0,5,0,-11,15067145,17/02/2022 20:02
651,rebores,12,8,18,-6,69.96,0.67,0.77,7,3,0,1,3,1,-11,15067145,17/02/2022 20:02
652,urielton,19,5,21,-2,99.69,0.90,0.77,5,6,1,0,3,5,-12,15067145,17/02/2022 20:02
653,Puff,10,2,16,-6,57.38,0.63,0.58,10,3,2,0,1,3,-18,15067145,17/02/2022 20:02
654,urielton,31,3,13,+18,157.58,2.38,0.79,9,2,0,2,9,5,+17,15068163,17/02/2022 20:59
655,Puff,15,2,13,+2,68.08,1.15,0.63,10,3,1,1,5,1,+13,15068163,17/02/2022 20:59
656,Anabele de Malhadas,20,2,16,+4,116.75,1.25,0.71,8,2,1,0,5,1,+12,15068163,17/02/2022 20:59
657,bemol,16,4,16,0,90.46,1.00,0.71,8,3,0,0,3,3,+12,15068163,17/02/2022 20:59
658,rebores,12,1,18,-6,66.00,0.67,0.54,6,2,0,0,3,2,+10,15068163,17/02/2022 20:59
659,Machadoo,25,1,16,+9,128.67,1.56,0.71,6,0,0,2,6,5,-6,15068163,17/02/2022 20:59
660,Cizor,23,1,19,+4,118.58,1.21,0.67,5,2,2,0,7,4,-8,15068163,17/02/2022 20:59
661,Boizão,11,2,19,-8,58.21,0.58,0.54,5,2,0,0,2,2,-11,15068163,17/02/2022 20:59
662,Hodes,7,3,19,-12,53.08,0.37,0.5,4,4,1,0,1,0,-15,15068163,17/02/2022 20:59
663,nat,10,0,21,-11,53.50,0.48,0.5,3,3,0,0,1,1,-15,15068163,17/02/2022 20:59
664,urielton,31,8,15,+16,135.66,2.07,0.72,13,3,0,1,10,4,+22,15069344,17/02/2022 21:58
665,Puff,22,4,19,+3,96.72,1.16,0.69,10,6,1,0,6,3,+16,15069344,17/02/2022 21:58
666,Anabele de Malhadas,19,9,19,0,88.38,1.00,0.69,10,2,1,0,6,3,+13,15069344,17/02/2022 21:58
667,bemol,20,3,20,0,87.28,1.00,0.72,9,3,0,0,6,4,+13,15069344,17/02/2022 21:58
668,rebores,12,4,19,-7,65.34,0.63,0.52,9,2,0,0,3,3,+11,15069344,17/02/2022 21:58
669,pioZAO VL,28,3,21,+7,122.31,1.33,0.72,7,2,0,1,7,6,-6,15069344,17/02/2022 21:58
670,Ursão,18,1,17,+1,81.38,1.06,0.62,10,3,0,1,4,1,-12,15069344,17/02/2022 21:58
671,TheusMa,18,2,23,-5,79.03,0.78,0.55,6,4,0,0,5,2,-14,15069344,17/02/2022 21:58
672,nHr,12,6,22,-10,74.72,0.55,0.59,7,3,0,0,1,2,-14,15069344,17/02/2022 21:58
673,Placa De Dry,15,6,21,-6,72.28,0.71,0.62,8,2,0,0,3,0,-15,15069344,17/02/2022 21:58
674,Piche,20,5,13,+7,119.87,1.54,0.83,10,1,1,0,5,3,+18,15176693,27/02/2022 18:11
675,GianGatti,30,2,12,+18,153.57,2.50,0.83,11,0,1,0,9,4,+17,15176693,27/02/2022 18:11
676,dto,18,9,12,+6,122.91,1.50,0.65,10,2,0,1,5,5,+15,15176693,27/02/2022 18:11
677,AmnessKelp,16,3,17,-1,91.35,0.94,0.61,5,1,0,1,4,3,+14,15176693,27/02/2022 18:11
678,sonic fast,11,3,13,-2,52.13,0.85,0.83,9,2,0,1,2,0,+14,15176693,27/02/2022 18:11
679,Donizete,16,3,16,0,85.83,1.00,0.65,5,3,0,1,3,1,-8,15176693,27/02/2022 18:11
680,Puff,12,2,20,-8,77.22,0.60,0.7,3,2,0,0,1,4,-12,15176693,27/02/2022 18:11
681,Anabele de Malhadas,17,2,19,-2,100.91,0.89,0.48,3,2,0,0,7,2,-14,15176693,27/02/2022 18:11
682,urielton,13,5,21,-8,77.65,0.62,0.61,2,5,3,0,3,0,-16,15176693,27/02/2022 18:11
683,bemol,9,2,19,-10,52.70,0.47,0.57,3,2,1,1,1,1,-19,15176693,27/02/2022 18:11
684,EinsteinBRISA 420 !,27,2,16,+11,114.11,1.69,0.82,11,5,2,1,8,2,+24,15177361,27/02/2022 19:01
685,noway,25,4,17,+8,119.64,1.47,0.79,9,5,0,1,8,3,+19,15177361,27/02/2022 19:01
686,Boltzmann2,18,5,18,0,81.29,1.00,0.75,10,3,0,0,4,1,+14,15177361,27/02/2022 19:01
687,Kama,14,2,16,-2,58.11,0.88,0.75,11,5,1,0,2,3,+13,15177361,27/02/2022 19:01
688,twitch.tv/filipen99,16,7,20,-4,84.25,0.80,0.79,8,3,0,0,2,5,+13,15177361,27/02/2022 19:01
689,Donizete,25,4,19,+6,103.68,1.32,0.71,9,3,1,0,6,3,-9,15177361,27/02/2022 19:01
690,Anabele de Malhadas,19,6,22,-3,93.61,0.86,0.68,6,2,2,0,5,3,-13,15177361,27/02/2022 19:01
691,Puff,15,5,20,-5,70.82,0.75,0.71,8,5,5,0,3,2,-14,15177361,27/02/2022 19:01
692,urielton,15,2,19,-4,66.43,0.79,0.75,9,4,2,0,3,3,-16,15177361,27/02/2022 19:01
693,bemol,13,7,20,-7,81.54,0.65,0.61,8,6,0,0,3,3,-18,15177361,27/02/2022 19:01
694,shizui,33,6,28,+5,101.95,1.18,0.8,12,7,0,1,5,3,+28,15189010,28/02/2022 18:12
695,ReturnOfGui,29,4,26,+3,95.71,1.12,0.71,13,4,2,2,8,3,+19,15189010,28/02/2022 18:12
696,DuDu,34,4,25,+9,100.88,1.36,0.63,14,2,0,0,10,1,+17,15189010,28/02/2022 18:12
697,vergzzz soca fofo,23,2,35,-12,66.44,0.66,0.56,6,5,1,0,3,8,+14,15189010,28/02/2022 18:12
698,???Jaguarão,11,5,29,-18,47.61,0.38,0.59,11,6,0,1,2,2,+13,15189010,28/02/2022 18:12
699,Anabele de Malhadas,39,7,25,+14,121.90,1.56,0.85,16,4,0,0,9,8,-9,15189010,28/02/2022 18:12
700,urielton,40,10,29,+11,123.44,1.38,0.76,12,5,3,0,11,12,-11,15189010,28/02/2022 18:12
701,rebores,20,8,26,-6,75.61,0.77,0.73,14,5,0,0,2,2,-15,15189010,28/02/2022 18:12
702,Puff,23,6,25,-2,75.02,0.92,0.68,14,4,6,0,7,2,-16,15189010,28/02/2022 18:12
703,bemol,21,4,25,-4,59.80,0.84,0.68,16,7,0,0,5,0,-20,15189010,28/02/2022 18:12
704,Puff,24,9,25,-1,85.89,0.96,0.83,9,8,0,0,5,1,-12,15190197,28/02/2022 19:34
705,bemol,23,5,22,+1,86.37,1.05,0.8,12,3,0,1,3,2,-12,15190197,28/02/2022 19:34
706,Anabele de Malhadas,26,8,26,0,114.51,1.00,0.66,8,4,1,0,7,8,-13,15190197,28/02/2022 19:34
707,urielton,33,5,26,+7,111.37,1.27,0.69,9,4,0,0,10,6,-13,15190197,28/02/2022 19:34
708,rebores,19,5,23,-4,74.94,0.83,0.69,11,3,0,0,4,2,-16,15190197,28/02/2022 19:34
709,G t Z,27,7,24,+3,108.20,1.13,0.71,9,2,2,1,7,3,+17,15190197,28/02/2022 19:34
710,DUCAZERA,18,8,27,-9,75.97,0.67,0.6,5,3,2,3,5,2,+17,15190197,28/02/2022 19:34
711,Shelbaum,31,5,25,+6,113.89,1.24,0.77,10,3,1,0,9,3,+17,15190197,28/02/2022 19:34
712,WURF AWPnista,28,3,25,+3,96.43,1.12,0.74,9,6,0,1,6,4,+15,15190197,28/02/2022 19:34
713,SohVamoo,18,5,25,-7,80.63,0.72,0.63,10,2,1,0,4,3,+13,15190197,28/02/2022 19:34
714,bemol,23,1,12,+11,104.00,1.92,0.79,10,3,1,2,6,3,+16,15191286,28/02/2022 20:45
715,Anabele de Malhadas,28,5,13,+15,141.13,2.15,0.88,10,2,0,0,7,4,+14,15191286,28/02/2022 20:45
716,Puff,14,4,13,+1,84.13,1.08,0.79,10,5,2,0,3,5,+12,15191286,28/02/2022 20:45
717,rebores,15,5,16,-1,91.08,0.94,0.88,8,1,0,0,1,2,+12,15191286,28/02/2022 20:45
718,urielton,20,4,14,+6,104.79,1.43,0.83,9,5,2,0,5,2,+10,15191286,28/02/2022 20:45
719,Nero,16,2,19,-3,98.00,0.84,0.54,2,6,0,1,4,1,-8,15191286,28/02/2022 20:45
720,MrTNS,16,3,20,-4,90.00,0.80,0.54,3,2,0,1,6,3,-9,15191286,28/02/2022 20:45
721,RZC,14,2,18,-4,73.71,0.78,0.63,4,3,0,1,3,1,-10,15191286,28/02/2022 20:45
722,mahs-.-,13,2,21,-8,70.46,0.62,0.67,3,5,0,0,1,2,-12,15191286,28/02/2022 20:45
723,aNarC,9,4,22,-13,57.92,0.41,0.46,2,4,0,0,1,0,-34,15191286,28/02/2022 20:45
724,surprise,29,2,24,+5,75.31,1.21,0.64,15,3,2,1,9,3,+19,15211698,02/03/2022 10:37
725,Samir,26,8,29,-3,92.10,0.90,0.74,13,9,0,0,6,6,+16,15211698,02/03/2022 10:37
726,Milas,42,8,22,+20,121.67,1.91,0.79,20,3,0,0,14,4,+15,15211698,02/03/2022 10:37
727,Vulgo Liso,27,2,27,0,83.26,1.00,0.55,14,3,0,0,6,4,+12,15211698,02/03/2022 10:37
728,topera,20,7,31,-11,70.24,0.65,0.57,11,6,0,0,5,2,+11,15211698,02/03/2022 10:37
729,urielton,44,4,29,+15,130.43,1.52,0.64,11,3,2,2,11,11,-7,15211698,02/03/2022 10:37
730,bemol,28,0,27,+1,81.33,1.04,0.62,13,5,0,0,8,4,-12,15211698,02/03/2022 10:37
731,rebores,20,5,29,-9,68.29,0.69,0.62,12,7,0,0,5,3,-12,15211698,02/03/2022 10:37
732,Anabele de Malhadas,31,6,33,-2,96.57,0.94,0.6,8,5,0,1,11,2,-14,15211698,02/03/2022 10:37
733,Puff,10,7,26,-16,50.86,0.38,0.6,13,3,2,0,1,3,-16,15211698,02/03/2022 10:37
734,venuzx,20,4,20,0,98.19,1.00,0.67,6,2,1,0,5,3,-9,15215189,02/03/2022 17:56
735,gPzin Né Amor ♥,16,4,18,-2,89.63,0.89,0.7,6,4,3,2,4,3,-10,15215189,02/03/2022 17:56
736,FuNNyZera,18,1,21,-3,92.19,0.86,0.7,6,5,3,0,5,3,-11,15215189,02/03/2022 17:56
737,Akromic,13,3,20,-7,63.70,0.65,0.63,5,2,0,0,1,2,-,15215189,02/03/2022 17:56
738,chronosBR,15,1,19,-4,71.89,0.79,0.56,8,1,1,0,4,2,-21,15215189,02/03/2022 17:56
739,Donizete,29,5,15,+14,139.26,1.93,0.81,11,1,0,1,9,5,+26,15215189,02/03/2022 17:56
740,rebores,17,5,18,-1,86.11,0.94,0.7,6,7,0,0,6,3,+17,15215189,02/03/2022 17:56
741,bemol,12,5,16,-4,62.67,0.75,0.85,11,8,1,0,4,2,+15,15215189,02/03/2022 17:56
742,urielton,25,3,15,+10,101.26,1.67,0.81,11,0,5,0,7,2,+15,15215189,02/03/2022 17:56
743,Anabele de Malhadas,14,1,18,-4,62.78,0.78,0.52,9,1,1,0,4,2,+10,15215189,02/03/2022 17:56
744,VAMPETA DA LAST DANCE,26,2,19,+7,109.60,1.37,0.73,9,2,0,0,7,4,-8,15216163,02/03/2022 19:06
745,LucasKLR,23,6,21,+2,107.03,1.10,0.73,7,2,0,2,5,5,-9,15216163,02/03/2022 19:06
746,Ai machucou o nenê [M.D],18,1,21,-3,71.83,0.86,0.6,7,3,1,1,5,1,-15,15216163,02/03/2022 19:06
747,-gustaGOOOOOOD;,15,5,27,-12,74.87,0.56,0.53,3,3,1,0,3,2,-16,15216163,02/03/2022 19:06
748,PitBicha,12,2,24,-12,62.83,0.50,0.5,4,5,0,2,4,1,-18,15216163,02/03/2022 19:06
749,bemol,23,3,16,+7,92.30,1.44,0.77,11,2,1,1,6,1,+19,15216163,02/03/2022 19:06
750,Puff,21,5,20,+1,98.10,1.05,0.93,10,5,5,0,4,3,+17,15216163,02/03/2022 19:06
751,Anabele de Malhadas,23,6,22,+1,111.90,1.05,0.8,8,6,3,0,5,6,+15,15216163,02/03/2022 19:06
752,rebores,20,1,19,+1,83.47,1.05,0.73,10,4,3,0,4,4,+15,15216163,02/03/2022 19:06
753,urielton,25,2,17,+8,105.73,1.47,0.8,12,7,1,0,9,3,+13,15216163,02/03/2022 19:06
754,Sony,0,1,2,-2,32.00,0.00,0.33,1,0,0,0,0,0,0,15217398,02/03/2022 20:16
755,tutodi,18,3,25,-7,78.44,0.72,0.7,3,5,0,0,4,2,-7,15217398,02/03/2022 20:16
756,Facutcha >.<,17,5,24,-7,93.96,0.71,0.59,2,1,0,0,4,3,-8,15217398,02/03/2022 20:16
757,matiemontoya,13,3,19,-6,64.44,0.68,0.52,7,1,0,0,4,3,-11,15217398,02/03/2022 20:16
758,LuckySSJGOD,15,1,18,-3,81.45,0.83,0.5,3,0,0,0,4,2,-12,15217398,02/03/2022 20:16
759,144hz,23,2,20,+3,108.15,1.15,0.56,7,2,0,0,7,3,-12,15217398,02/03/2022 20:16
760,urielton,33,4,16,+17,155.30,2.06,0.85,10,3,1,2,8,5,+18,15217398,02/03/2022 20:16
761,Anabele de Malhadas,25,3,17,+8,116.15,1.47,0.81,9,3,0,2,7,2,+16,15217398,02/03/2022 20:16
762,bemol,27,5,19,+8,129.67,1.42,0.81,7,4,0,0,9,4,+15,15217398,02/03/2022 20:16
763,Donizete,15,4,15,0,73.48,1.00,0.7,12,1,0,0,5,1,+11,15217398,02/03/2022 20:16
764,Puff,9,3,19,-10,45.62,0.47,0.54,6,7,0,0,2,1,+9,15217398,02/03/2022 20:16
765,-TeamSESH | BONES,16,1,16,0,118.41,1.00,0.59,1,0,0,0,4,1,-7,15515055,29/03/2022 19:20
766,EAEVAGABUNDA,11,0,16,-5,71.24,0.69,0.41,1,0,0,0,2,0,-11,15515055,29/03/2022 19:20
767,thurzintrembala,5,2,17,-12,55.59,0.29,0.35,0,1,0,0,1,1,-12,15515055,29/03/2022 19:20
768,Artista,4,1,17,-13,46.18,0.24,0.18,0,0,0,0,1,1,-16,15515055,29/03/2022 19:20
769,Amassa e joga no lixo,3,1,15,-12,35.65,0.20,0.35,1,0,0,0,0,1,-16,15515055,29/03/2022 19:20
770,Anabele de Malhadas,22,4,8,+14,148.71,2.75,0.82,8,2,2,1,5,2,+23,15515055,29/03/2022 19:20
771,j4p4,15,0,4,+11,89.82,3.75,0.88,13,1,2,0,4,6,+17,15515055,29/03/2022 19:20
772,urielton,21,5,9,+12,156.12,2.33,0.88,8,2,1,0,6,3,+13,15515055,29/03/2022 19:20
773,Puff,13,2,9,+4,94.29,1.44,0.71,8,2,1,0,3,2,+12,15515055,29/03/2022 19:20
774,rebores,10,1,9,+1,77.76,1.11,0.65,8,2,0,0,3,0,+10,15515055,29/03/2022 19:20
775,bemol,26,4,12,+14,137.35,2.17,0.83,10,2,0,1,9,4,+16,15516123,29/03/2022 20:28
776,rebores,22,0,12,+10,105.57,1.83,0.83,11,1,0,0,7,1,+13,15516123,29/03/2022 20:28
777,Anabele de Malhadas,19,6,12,+7,105.91,1.58,0.96,11,2,0,0,3,2,+12,15516123,29/03/2022 20:28
778,urielton,24,4,14,+10,132.61,1.71,0.87,9,5,0,0,5,6,+12,15516123,29/03/2022 20:28
779,Puff,9,4,13,-4,50.48,0.69,0.74,9,3,0,1,1,1,+11,15516123,29/03/2022 20:28
780,italia,16,1,22,-6,106.52,0.73,0.52,0,3,0,1,4,5,-8,15516123,29/03/2022 20:28
781,butijão de gás cromado,16,6,20,-4,91.96,0.80,0.78,3,4,0,0,3,0,-10,15516123,29/03/2022 20:28
782,linus,13,5,19,-6,63.52,0.68,0.57,4,3,0,0,4,0,-11,15516123,29/03/2022 20:28
783,j4p4,12,1,20,-8,64.13,0.60,0.43,2,3,0,1,3,4,-13,15516123,29/03/2022 20:28
784,guelmizin,6,2,19,-13,45.61,0.32,0.39,4,1,0,0,0,0,-,15516123,29/03/2022 20:28
785,bemol,27,3,15,+12,111.82,1.80,0.71,11,5,0,2,8,1,+18,15516873,29/03/2022 21:13
786,rebores,14,2,19,-5,73.64,0.74,0.64,9,6,1,0,2,3,+12,15516873,29/03/2022 21:13
787,Puff,17,1,17,0,68.36,1.00,0.79,10,4,0,0,2,0,+12,15516873,29/03/2022 21:13
788,urielton,23,6,22,+1,112.11,1.05,0.64,5,5,0,0,7,8,+11,15516873,29/03/2022 21:13
789,Anabele de Malhadas,16,5,18,-2,93.50,0.89,0.57,10,0,2,0,4,2,+10,15516873,29/03/2022 21:13
790,j4p4,21,7,19,+2,105.54,1.11,0.75,8,2,1,1,6,5,-9,15516873,29/03/2022 21:13
791,butijão de gás cromado,22,6,19,+3,111.57,1.16,0.75,9,2,0,0,7,0,-9,15516873,29/03/2022 21:13
792,linus,11,3,20,-9,47.96,0.55,0.75,7,7,2,1,2,1,-12,15516873,29/03/2022 21:13
793,guelmizin,19,3,17,+2,74.46,1.12,0.64,8,1,0,2,4,1,-,15516873,29/03/2022 21:13
794,italia,18,3,22,-4,95.93,0.82,0.5,6,1,0,0,5,7,-14,15516873,29/03/2022 21:13
795,bemol,36,5,21,+15,113.40,1.71,0.89,13,4,0,0,8,3,+18,15533968,31/03/2022 18:13
796,Anabele de Malhadas,32,5,21,+11,110.46,1.52,0.71,12,1,0,2,8,2,+17,15533968,31/03/2022 18:13
797,Puff,18,5,25,-7,69.43,0.72,0.66,8,6,3,1,5,2,+15,15533968,31/03/2022 18:13
798,urielton,29,4,24,+5,104.74,1.21,0.77,9,5,5,1,9,7,+15,15533968,31/03/2022 18:13
799,rebores,14,8,27,-13,66.83,0.52,0.66,8,5,2,0,1,4,+13,15533968,31/03/2022 18:13
800,duds,30,3,22,+8,109.37,1.36,0.69,12,5,0,2,7,3,-8,15533968,31/03/2022 18:13
801,k0DY,26,8,27,-1,96.66,0.96,1.0,17,5,1,0,6,2,-10,15533968,31/03/2022 18:13
802,IGNORED,20,4,28,-8,83.63,0.71,0.69,7,6,0,1,3,2,-14,15533968,31/03/2022 18:13
803,Pernna,23,6,26,-3,89.26,0.88,0.63,8,3,0,0,6,3,-16,15533968,31/03/2022 18:13
804,Fimose Larga,19,2,27,-8,65.09,0.70,0.66,8,5,1,0,5,5,-18,15533968,31/03/2022 18:13
805,bemol,23,3,15,+8,108.20,1.53,0.68,9,2,0,1,4,3,+15,15535067,31/03/2022 19:36
806,urielton,28,2,15,+13,129.12,1.87,0.8,9,4,1,1,7,3,+15,15535067,31/03/2022 19:36
807,rebores,20,1,15,+5,107.08,1.33,0.72,10,3,0,0,5,4,+15,15535067,31/03/2022 19:36
808,Puff,5,6,17,-12,48.04,0.29,0.72,8,7,0,0,1,0,+10,15535067,31/03/2022 19:36
809,Anabele de Malhadas,14,3,20,-6,89.32,0.70,0.6,5,4,1,0,1,5,+10,15535067,31/03/2022 19:36
810,Zn1,18,4,17,+1,91.68,1.06,0.8,5,3,0,0,4,3,-8,15535067,31/03/2022 19:36
811,[HR]Navarro,25,0,18,+7,122.00,1.39,0.6,7,4,0,0,8,4,-8,15535067,31/03/2022 19:36
812,jow1,16,2,19,-3,89.32,0.84,0.6,5,2,0,1,3,0,-12,15535067,31/03/2022 19:36
813,Blanqui BLE$$ED 3p,15,2,17,-2,83.52,0.88,0.6,7,2,0,0,4,1,-13,15535067,31/03/2022 19:36
814,ddraxler,8,4,19,-11,51.52,0.42,0.56,6,3,1,0,1,2,-15,15535067,31/03/2022 19:36
815,bemol,21,6,14,+7,104.61,1.50,0.87,8,2,0,1,6,8,+17,15536106,31/03/2022 20:38
816,urielton,24,3,12,+12,123.91,2.00,0.83,11,5,0,0,7,4,+16,15536106,31/03/2022 20:38
817,Anabele de Malhadas,23,3,13,+10,124.78,1.77,0.87,10,4,0,0,6,2,+15,15536106,31/03/2022 20:38
818,rebores,14,2,16,-2,77.52,0.88,0.65,6,3,0,1,3,0,+13,15536106,31/03/2022 20:38
819,Puff,11,4,16,-5,74.96,0.69,0.7,7,3,1,0,3,2,+12,15536106,31/03/2022 20:38
820,Agustiin,17,0,16,+1,82.39,1.06,0.61,6,1,2,2,4,1,-9,15536106,31/03/2022 20:38
821,W1zz,18,8,21,-3,115.00,0.86,0.7,2,3,2,0,4,2,-10,15536106,31/03/2022 20:38
822,CacoJK,16,2,17,-1,78.52,0.94,0.61,5,2,3,1,4,1,-11,15536106,31/03/2022 20:38
823,d evl1^,10,2,18,-8,70.95,0.56,0.82,5,3,0,0,2,1,-12,15536106,31/03/2022 20:38
824,Juany EZ,10,4,21,-11,73.35,0.48,0.57,3,4,0,0,1,2,-18,15536106,31/03/2022 20:38
825,ThurZera^,39,5,23,+16,132.14,1.70,0.78,11,4,0,1,12,5,+21,15537164,31/03/2022 21:32
826,confrade,28,7,24,+4,105.53,1.17,0.75,10,3,3,1,7,4,+19,15537164,31/03/2022 21:32
827,Obtraink,27,4,25,+2,98.47,1.08,0.69,11,5,2,0,8,7,+16,15537164,31/03/2022 21:32
828,nbrr,26,3,24,+2,89.03,1.08,0.69,12,4,0,0,6,4,+14,15537164,31/03/2022 21:32
829,JalimBRZ,10,5,21,-11,38.36,0.48,0.78,12,6,0,1,0,3,+14,15537164,31/03/2022 21:32
830,Anabele de Malhadas,32,3,25,+7,107.86,1.28,0.86,10,7,2,1,9,4,-7,15537164,31/03/2022 21:32
831,bemol,27,6,26,+1,88.64,1.04,0.83,8,7,0,1,5,3,-13,15537164,31/03/2022 21:32
832,urielton,29,5,27,+2,104.03,1.07,0.67,8,1,2,0,9,2,-15,15537164,31/03/2022 21:32
833,rebores,13,10,25,-12,73.75,0.52,0.64,8,8,0,1,3,4,-15,15537164,31/03/2022 21:32
834,Puff,16,2,27,-11,49.17,0.59,0.67,9,7,0,0,3,0,-17,15537164,31/03/2022 21:32
